vehicle_id,seg_id,collectiontime,date,time_stamp,road_id,longitude,latitude,speed,acceleratorpedal,brakestatus,gearnum,havebrake,havedriver,excluded_reason
4,1,1718786339000,2024-06-19,16:38:59,A0003,123.156856,32.344016999999994,7.7,0,0,14,0,1,outside_200m_all_points
4,1,1718786349000,2024-06-19,16:39:09,A0003,123.157026,32.343592,38.0,25,0,14,0,1,outside_200m_all_points
16,1,1718787165000,2024-06-19,16:52:45,A0003,123.156442,32.34367,13.8,0,0,14,0,0,outside_200m_all_points
16,1,1718787170000,2024-06-19,16:52:50,A0003,123.156598,32.343554,13.8,0,101,14,1,0,outside_200m_all_points
16,1,1718787175000,2024-06-19,16:52:55,A0003,123.156712,32.34344299999999,11.1,1,0,14,0,1,outside_200m_all_points
16,2,1718787410000,2024-06-19,16:56:50,A0003,123.156741,32.343418,13.5,17,0,14,0,1,outside_200m_all_points
16,2,1718787415000,2024-06-19,16:56:55,A0003,123.156563,32.343581,15.9,0,101,14,1,0,outside_200m_all_points
16,2,1718787420000,2024-06-19,16:57:00,A0003,123.156476,32.343654,1.4,0,101,14,1,0,outside_200m_all_points
16,2,1718787425000,2024-06-19,16:57:05,A0003,123.156473,32.343656,0.0,0,101,14,1,0,outside_200m_all_points
16,2,1718787430000,2024-06-19,16:57:10,A0003,123.15647,32.343658000000005,1.2,0,0,14,0,0,outside_200m_all_points
16,2,1718787435000,2024-06-19,16:57:15,A0003,123.156324,32.343693,14.6,10,0,14,0,1,outside_200m_all_points
16,1,1718875623000,2024-06-20,17:27:03,A0003,123.156364,32.343684,5.5,0,101,14,1,0,outside_200m_all_points
16,1,1718875628000,2024-06-20,17:27:08,A0003,123.156417,32.343661999999995,4.6,0,0,14,0,0,outside_200m_all_points
16,1,1718875633000,2024-06-20,17:27:13,A0003,123.156547,32.343557000000004,16.4,4,0,14,0,1,outside_200m_all_points
16,1,1718875638000,2024-06-20,17:27:18,A0003,123.156653,32.343463,3.5,0,101,14,1,0,outside_200m_all_points
16,1,1718961001000,2024-06-21,17:10:01,A0003,123.156374,32.343681,13.8,0,0,14,0,0,outside_200m_all_points
16,1,1718961006000,2024-06-21,17:10:06,A0003,123.156539,32.343579,13.4,6,0,14,0,1,outside_200m_all_points
16,1,1718961011000,2024-06-21,17:10:11,A0003,123.156611,32.343511,1.1,0,101,14,1,0,outside_200m_all_points
16,1,1718961016000,2024-06-21,17:10:16,A0003,123.156634,32.343489,3.7,5,0,14,0,1,outside_200m_all_points
16,2,1718961284000,2024-06-21,17:14:44,A0003,123.15669,32.343430999999995,1.5,0,101,13,1,0,outside_200m_all_points
16,2,1718961289000,2024-06-21,17:14:49,A0003,123.156702,32.343434,1.2,0,101,13,1,0,outside_200m_all_points
16,2,1718961294000,2024-06-21,17:14:54,A0003,123.156674,32.343467,11.1,18,0,14,0,1,outside_200m_all_points
16,2,1718961299000,2024-06-21,17:14:59,A0003,123.156528,32.343598,14.5,14,0,14,0,1,outside_200m_all_points
16,2,1718961304000,2024-06-21,17:15:04,A0003,123.156349,32.343689999999995,13.1,3,0,14,0,1,outside_200m_all_points
16,3,1718961334000,2024-06-21,17:15:34,A0003,123.155817,32.344121,7.0,0,101,14,1,0,outside_200m_all_points
16,3,1718961339000,2024-06-21,17:15:39,A0003,123.15587,32.344190000000005,4.0,0,0,14,0,0,outside_200m_all_points
16,3,1718961344000,2024-06-21,17:15:44,A0003,123.155963,32.344318,15.0,8,0,14,0,1,outside_200m_all_points
34,1,1718786806000,2024-06-19,16:46:46,A0003,123.155764,32.344097999999995,14.6,0,46,14,1,0,outside_200m_all_points
34,1,1718786816000,2024-06-19,16:46:56,A0003,123.155741,32.34414099999999,0.0,0,44,14,1,1,outside_200m_all_points
34,1,1718786826000,2024-06-19,16:47:06,A0003,123.155743,32.344136,0.0,0,44,14,1,1,outside_200m_all_points
34,1,1718786836000,2024-06-19,16:47:16,A0003,123.15578700000002,32.344183,6.6,0,20,14,1,1,outside_200m_all_points
34,1,1718786846000,2024-06-19,16:47:26,A0003,123.155909,32.344318,5.9,0,14,14,0,1,outside_200m_all_points
36,1,1718788610000,2024-06-19,17:16:50,A0003,123.155907,32.344268,0.0,0,32,14,1,0,outside_200m_all_points
38,0,1718699852000,2024-06-18,16:37:32,A0003,123.157557,32.343216,27.1,17,0,14,0,1,outside_200m_all_points
38,0,1718788441000,2024-06-19,17:14:01,A0003,123.157324,32.343202000000005,26.5,16,0,14,0,1,outside_200m_all_points
47,0,1718789062000,2024-06-19,17:24:22,A0003,123.157066,32.343729,27.2,0,0,14,1,0,outside_200m_all_points
47,0,1718789072000,2024-06-19,17:24:32,A0003,123.156402,32.344258999999994,33.4,7,0,14,0,1,outside_200m_all_points
47,0,1718789082000,2024-06-19,17:24:42,A0003,123.1559,32.34435,9.9,0,0,14,1,0,outside_200m_all_points
53,1,1718786248000,2024-06-19,16:37:28,A0003,123.157018,32.34367,38.8,0,0,14,0,0,outside_200m_all_points
53,1,1718786278000,2024-06-19,16:37:58,A0003,123.155824,32.344255,14.4,12,0,14,0,1,outside_200m_all_points
53,1,1718786457000,2024-06-19,16:40:57,A0003,123.155969,32.344297999999995,12.8,9,0,14,0,1,outside_200m_all_points
77,0,1718614931000,2024-06-17,17:02:11,A0003,123.157115,32.343605,9.9,0,20,14,1,0,outside_200m_all_points
77,0,1718614941000,2024-06-17,17:02:21,A0003,123.157128,32.343599999999995,0.0,0,21,14,1,0,outside_200m_all_points
77,0,1718614951000,2024-06-17,17:02:31,A0003,123.15716299999998,32.343593,7.9,31,0,14,0,1,outside_200m_all_points
77,0,1718614961000,2024-06-17,17:02:41,A0003,123.157558,32.34321,29.9,94,0,14,0,1,outside_200m_all_points
77,1,1718701339000,2024-06-18,17:02:19,A0003,123.157451,32.343318,27.9,100,0,14,0,1,outside_200m_all_points
94,1,1718789040000,2024-06-19,17:24:00,A0003,123.152722,32.34098899999999,57.1,14,0,14,0,1,outside_200m_all_points
94,1,1718962077000,2024-06-21,17:27:57,A0003,123.155845,32.34405099999999,21.5,3,0,14,1,0,outside_200m_all_points
94,1,1718962087000,2024-06-21,17:28:07,A0003,123.155993,32.344258999999994,11.2,0,101,14,1,0,outside_200m_all_points
108,0,1718787913000,2024-06-19,17:05:13,A0003,123.157102,32.343278999999995,21.2,38,0,14,0,1,outside_200m_all_points
108,0,1718874256000,2024-06-20,17:04:16,A0003,123.157426,32.343211999999994,25.0,13,0,14,0,1,outside_200m_all_points
115,1,1718786773000,2024-06-19,16:46:13,A0003,123.152721,32.34052,53.0,34,0,14,0,1,outside_200m_all_points
169,1,1718959973000,2024-06-21,16:52:53,A0003,123.155831,32.344105,5.6,0,0,14,0,0,outside_200m_all_points
169,1,1718959983000,2024-06-21,16:53:03,A0003,123.155895,32.344194,0.4,0,101,14,1,1,outside_200m_all_points
169,1,1718959993000,2024-06-21,16:53:13,A0003,123.15595,32.344269999999995,12.4,0,0,14,0,0,outside_200m_all_points
174,1,1718787302000,2024-06-19,16:55:02,A0003,123.155838,32.344167,15.6,0,0,14,0,0,outside_200m_all_points
174,1,1718787312000,2024-06-19,16:55:12,A0003,123.15597,32.344312,9.9,0,101,14,1,0,outside_200m_all_points
174,1,1718787322000,2024-06-19,16:55:22,A0003,123.155978,32.344317,3.3,0,0,14,0,0,outside_200m_all_points
175,0,1718875788000,2024-06-20,17:29:48,A0003,123.156823,32.343869999999995,57.0,27,0,14,0,1,outside_200m_all_points
175,0,1718875798000,2024-06-20,17:29:58,A0003,123.155488,32.344697,62.0,29,0,14,0,1,outside_200m_all_points
202,1,1718788236000,2024-06-19,17:10:36,A0003,123.147324,32.344916,54.9,15,0,14,0,1,outside_200m_all_points
205,0,1718616587000,2024-06-17,17:29:47,A0003,123.145848,32.344786,50.5,17,0,14,0,1,outside_200m_all_points
205,0,1718616597000,2024-06-17,17:29:57,A0003,123.147377,32.344848,53.5,15,0,14,0,1,outside_200m_all_points
321,0,1718786284000,2024-06-19,16:38:04,A0003,123.157509,32.343087,33.3,0,0,14,0,1,outside_200m_all_points
321,0,1718786294000,2024-06-19,16:38:14,A0003,123.156893,32.34376399999999,32.7,0,0,14,0,1,outside_200m_all_points
321,0,1718786304000,2024-06-19,16:38:24,A0003,123.156218,32.344299,19.0,0,0,14,1,1,outside_200m_all_points
321,0,1718786314000,2024-06-19,16:38:34,A0003,123.156006,32.344393,9.2,0,0,14,0,1,outside_200m_all_points
321,0,1718786324000,2024-06-19,16:38:44,A0003,123.155842,32.344258999999994,5.2,0,0,14,0,1,outside_200m_all_points
338,1,1718787222000,2024-06-19,16:53:42,A0003,123.146321,32.344851,46.3,34,0,14,0,1,outside_200m_all_points
342,1,1718875039000,2024-06-20,17:17:19,A0003,123.156349,32.344192,0.0,0,16,15,1,0,outside_200m_all_points
342,1,1718875067000,2024-06-20,17:17:47,A0003,123.156349,32.344192,0.0,0,0,15,0,0,outside_200m_all_points
342,1,1718875095000,2024-06-20,17:18:15,A0003,123.156349,32.344192,0.0,0,0,15,0,0,outside_200m_all_points
342,1,1718875123000,2024-06-20,17:18:43,A0003,123.156349,32.344192,0.0,0,0,15,0,0,outside_200m_all_points
342,1,1718875151000,2024-06-20,17:19:11,A0003,123.156349,32.344192,0.0,0,0,15,0,0,outside_200m_all_points
342,1,1718875179000,2024-06-20,17:19:39,A0003,123.156349,32.344192,0.0,0,0,15,0,0,outside_200m_all_points
342,1,1718875207000,2024-06-20,17:20:07,A0003,123.156349,32.344192,0.0,0,0,15,0,0,outside_200m_all_points
342,1,1718875235000,2024-06-20,17:20:35,A0003,123.156349,32.344192,0.0,0,0,15,0,0,outside_200m_all_points
342,1,1718875263000,2024-06-20,17:21:03,A0003,123.156349,32.344192,0.0,0,0,15,0,0,outside_200m_all_points
342,1,1718875291000,2024-06-20,17:21:31,A0003,123.156349,32.344192,0.0,0,0,15,0,0,outside_200m_all_points
342,1,1718875319000,2024-06-20,17:21:59,A0003,123.156349,32.344192,0.0,0,0,15,0,0,outside_200m_all_points
342,1,1718875347000,2024-06-20,17:22:27,A0003,123.156349,32.344192,0.0,0,0,15,0,0,outside_200m_all_points
342,1,1718875375000,2024-06-20,17:22:55,A0003,123.156349,32.344192,0.0,0,0,15,0,0,outside_200m_all_points
342,1,1718875403000,2024-06-20,17:23:23,A0003,123.156349,32.344192,0.0,0,0,15,0,0,outside_200m_all_points
342,1,1718875431000,2024-06-20,17:23:51,A0003,123.156349,32.344192,0.0,0,0,15,0,0,outside_200m_all_points
342,1,1718875459000,2024-06-20,17:24:19,A0003,123.156349,32.344192,0.0,0,0,15,0,0,outside_200m_all_points
342,1,1718875487000,2024-06-20,17:24:47,A0003,123.156244,32.344263,1.3,0,8,13,1,0,outside_200m_all_points
342,1,1718875515000,2024-06-20,17:25:15,A0003,123.154907,32.344881,46.4,0,1,14,1,0,outside_200m_all_points
342,1,1718875543000,2024-06-20,17:25:43,A0003,123.155442,32.344621999999994,52.7,9,0,14,0,1,outside_200m_all_points
350,0,1718616600000,2024-06-17,17:30:00,A0003,123.155118,32.344852,55.6,24,0,14,0,1,outside_200m_all_points
359,0,1718789284000,2024-06-19,17:28:04,A0003,123.157699,32.343632,1.8,0,0,14,1,1,outside_200m_all_points
359,0,1718789294000,2024-06-19,17:28:14,A0003,123.157699,32.343632,1.3,0,0,14,1,1,outside_200m_all_points
359,0,1718789304000,2024-06-19,17:28:24,A0003,123.157699,32.343632,3.1,0,0,14,1,1,outside_200m_all_points
359,0,1718789314000,2024-06-19,17:28:34,A0003,123.157699,32.343632,5.2,0,0,14,1,1,outside_200m_all_points
359,0,1718789324000,2024-06-19,17:28:44,A0003,123.157699,32.343632,4.5,0,0,14,1,1,outside_200m_all_points
359,0,1718789334000,2024-06-19,17:28:54,A0003,123.157699,32.343632,3.5,0,0,14,1,1,outside_200m_all_points
359,0,1718789344000,2024-06-19,17:29:04,A0003,123.157699,32.343632,7.5,0,0,14,0,1,outside_200m_all_points
359,0,1718789354000,2024-06-19,17:29:14,A0003,123.157699,32.343632,1.7,0,0,14,0,1,outside_200m_all_points
359,0,1718874347000,2024-06-20,17:05:47,A0003,123.156905,32.344058000000004,6.3,0,0,14,1,0,outside_200m_all_points
359,0,1718874357000,2024-06-20,17:05:57,A0003,123.156884,32.344037,0.0,0,0,15,0,0,outside_200m_all_points
359,0,1718874367000,2024-06-20,17:06:07,A0003,123.156892,32.344030000000004,0.0,0,0,15,0,1,outside_200m_all_points
377,0,1718787040000,2024-06-19,16:50:40,A0003,123.157481,32.343104,35.8,31,0,14,1,1,outside_200m_all_points
377,0,1718787040000,2024-06-19,16:50:40,A0003,123.157481,32.343104,35.8,31,0,14,1,1,outside_200m_all_points
461,1,1718872583000,2024-06-20,16:36:23,A0003,123.156558,32.343543,21.5,1,0,14,0,1,outside_200m_all_points
461,1,1718872613000,2024-06-20,16:36:53,A0003,123.155818,32.344061999999994,16.5,0,101,14,1,0,outside_200m_all_points
461,1,1718872623000,2024-06-20,16:37:03,A0003,123.155917,32.344202,6.3,0,0,14,0,0,outside_200m_all_points
461,1,1718872633000,2024-06-20,16:37:13,A0003,123.155972,32.344275,10.0,32,0,14,0,1,outside_200m_all_points
461,1,1718872643000,2024-06-20,16:37:23,A0003,123.156692,32.34383,48.1,15,0,14,0,1,outside_200m_all_points
491,2,1718615963000,2024-06-17,17:19:23,A0003,123.152338,32.349655,54.8,55,0,14,0,1,outside_200m_all_points
492,1,1718874309000,2024-06-20,17:05:09,A0003,123.155805,32.344064,16.8,5,0,14,0,1,outside_200m_all_points
492,1,1718874314000,2024-06-20,17:05:14,A0003,123.155875,32.344178,4.5,0,101,14,1,0,outside_200m_all_points
492,1,1718874319000,2024-06-20,17:05:19,A0003,123.155912,32.344226,7.4,0,0,14,0,0,outside_200m_all_points
492,1,1718874324000,2024-06-20,17:05:24,A0003,123.155954,32.344297,5.2,0,101,14,1,0,outside_200m_all_points
493,0,1718872207000,2024-06-20,16:30:07,A0003,123.145797,32.344763,0.0,0,0,15,0,0,outside_200m_all_points
493,0,1718872217000,2024-06-20,16:30:17,A0003,123.145798,32.344763,0.0,0,0,15,0,0,outside_200m_all_points
507,0,1718872485000,2024-06-20,16:34:45,A0003,123.155782,32.34409599999999,15.0,0,98,14,1,0,outside_200m_all_points
507,0,1718872495000,2024-06-20,16:34:55,A0003,123.155889,32.34423,10.0,12,0,14,0,1,outside_200m_all_points
507,0,1718958712000,2024-06-21,16:31:52,A0003,123.155835,32.344190999999995,4.0,0,98,14,1,0,outside_200m_all_points
507,0,1718958722000,2024-06-21,16:32:02,A0003,123.155932,32.3443,11.0,10,0,14,0,1,outside_200m_all_points
507,0,1718958732000,2024-06-21,16:32:12,A0003,123.156543,32.34403399999999,46.0,26,0,14,0,1,outside_200m_all_points
508,1,1718960151000,2024-06-21,16:55:51,A0003,123.146793,32.344851,74.4,10,0,14,1,1,outside_200m_all_points
511,0,1718875440000,2024-06-20,17:24:00,A0003,123.155816,32.344072,7.0,0,0,14,1,1,outside_200m_all_points
511,0,1718875450000,2024-06-20,17:24:10,A0003,123.155898,32.344187,0.3,0,0,14,1,1,outside_200m_all_points
511,0,1718875460000,2024-06-20,17:24:20,A0003,123.155893,32.344190000000005,0.0,0,0,14,1,1,outside_200m_all_points
511,0,1718875470000,2024-06-20,17:24:30,A0003,123.155893,32.344190999999995,0.0,0,0,14,1,1,outside_200m_all_points
511,0,1718875480000,2024-06-20,17:24:40,A0003,123.155893,32.344190999999995,0.0,0,0,14,1,1,outside_200m_all_points
511,0,1718875490000,2024-06-20,17:24:50,A0003,123.155893,32.344190999999995,0.0,0,0,14,1,1,outside_200m_all_points
511,0,1718875500000,2024-06-20,17:25:00,A0003,123.155949,32.344265,5.0,0,0,14,1,1,outside_200m_all_points
511,0,1718875510000,2024-06-20,17:25:10,A0003,123.156235,32.344207,28.6,36,0,14,1,1,outside_200m_all_points
511,0,1718875520000,2024-06-20,17:25:20,A0003,123.156873,32.343708,23.7,3,0,14,1,1,outside_200m_all_points
511,0,1718875530000,2024-06-20,17:25:30,A0003,123.157057,32.343466,0.0,0,0,15,1,0,outside_200m_all_points
511,0,1718875540000,2024-06-20,17:25:40,A0003,123.157049,32.343477,0.0,0,0,15,1,0,outside_200m_all_points
511,0,1718875550000,2024-06-20,17:25:50,A0003,123.15705,32.343477,0.0,0,0,15,1,1,outside_200m_all_points
511,0,1718875560000,2024-06-20,17:26:00,A0003,123.15705,32.343477,0.0,0,0,15,1,0,outside_200m_all_points
511,0,1718875570000,2024-06-20,17:26:10,A0003,123.15705,32.343477,0.0,0,0,15,1,0,outside_200m_all_points
511,0,1718875580000,2024-06-20,17:26:20,A0003,123.15705,32.343477,0.0,0,0,15,1,0,outside_200m_all_points
511,0,1718875590000,2024-06-20,17:26:30,A0003,123.15705,32.343477,0.0,0,0,15,1,0,outside_200m_all_points
511,0,1718875600000,2024-06-20,17:26:40,A0003,123.15705,32.343478000000005,0.0,0,0,15,1,0,outside_200m_all_points
511,0,1718875610000,2024-06-20,17:26:50,A0003,123.15705,32.343478000000005,0.0,0,0,15,1,0,outside_200m_all_points
511,0,1718875620000,2024-06-20,17:27:00,A0003,123.15705,32.343477,0.0,0,0,15,1,0,outside_200m_all_points
511,0,1718875630000,2024-06-20,17:27:10,A0003,123.15705,32.343477,0.0,0,0,15,1,0,outside_200m_all_points
511,0,1718875640000,2024-06-20,17:27:20,A0003,123.15705,32.343477,0.0,0,0,15,1,0,outside_200m_all_points
511,0,1718875650000,2024-06-20,17:27:30,A0003,123.15705,32.343477,0.0,0,0,15,1,0,outside_200m_all_points
511,0,1718875660000,2024-06-20,17:27:40,A0003,123.15705,32.343477,0.0,0,0,15,1,0,outside_200m_all_points
511,0,1718875670000,2024-06-20,17:27:50,A0003,123.15705,32.343477,0.0,0,0,15,1,0,outside_200m_all_points
511,0,1718875680000,2024-06-20,17:28:00,A0003,123.15705,32.343477,0.0,0,0,15,1,0,outside_200m_all_points
511,0,1718875690000,2024-06-20,17:28:10,A0003,123.15705,32.343477,0.0,0,0,15,1,0,outside_200m_all_points
511,0,1718875700000,2024-06-20,17:28:20,A0003,123.157051,32.343477,0.0,0,0,15,1,1,outside_200m_all_points
511,0,1718875710000,2024-06-20,17:28:30,A0003,123.157051,32.343477,0.0,0,0,15,1,0,outside_200m_all_points
511,0,1718875720000,2024-06-20,17:28:40,A0003,123.15705,32.343477,0.0,0,0,15,1,0,outside_200m_all_points
511,0,1718875730000,2024-06-20,17:28:50,A0003,123.15705,32.343477,0.0,0,0,15,1,0,outside_200m_all_points
511,0,1718875740000,2024-06-20,17:29:00,A0003,123.157051,32.343477,0.0,0,0,15,1,0,outside_200m_all_points
511,0,1718875750000,2024-06-20,17:29:10,A0003,123.157051,32.343477,0.0,0,0,15,1,0,outside_200m_all_points
511,0,1718875760000,2024-06-20,17:29:20,A0003,123.157051,32.343477,0.0,0,0,15,1,0,outside_200m_all_points
511,0,1718875770000,2024-06-20,17:29:30,A0003,123.157051,32.343477,0.0,0,0,15,1,0,outside_200m_all_points
511,0,1718875780000,2024-06-20,17:29:40,A0003,123.157051,32.343477,0.0,0,0,15,1,0,outside_200m_all_points
511,0,1718875790000,2024-06-20,17:29:50,A0003,123.157051,32.343477,0.0,0,0,15,1,0,outside_200m_all_points
511,0,1718875800000,2024-06-20,17:30:00,A0003,123.157051,32.343477,0.0,0,0,15,1,0,outside_200m_all_points
539,0,1718874348000,2024-06-20,17:05:48,A0003,123.146359,32.344808,65.3,13,0,14,1,0,outside_200m_all_points
539,0,1718874358000,2024-06-20,17:05:58,A0003,123.14811,32.344883,41.8,0,9,14,1,0,outside_200m_all_points
539,0,1718874368000,2024-06-20,17:06:08,A0003,123.148473,32.344885,0.0,0,9,14,1,1,outside_200m_all_points
539,0,1718874378000,2024-06-20,17:06:18,A0003,123.14846,32.34488399999999,0.0,0,9,14,1,1,outside_200m_all_points
539,0,1718874388000,2024-06-20,17:06:28,A0003,123.14846,32.34488399999999,0.0,0,10,14,1,1,outside_200m_all_points
539,0,1718874398000,2024-06-20,17:06:38,A0003,123.14846,32.34488399999999,0.0,9,0,14,0,1,outside_200m_all_points
546,0,1718614010000,2024-06-17,16:46:50,A0003,123.155792,32.34408,4.3,0,0,14,0,0,outside_200m_all_points
546,0,1718614020000,2024-06-17,16:47:00,A0003,123.15587,32.344187,1.3,0,18,14,1,0,outside_200m_all_points
546,0,1718614030000,2024-06-17,16:47:10,A0003,123.155929,32.344243,10.7,9,0,14,0,1,outside_200m_all_points
546,0,1718699642000,2024-06-18,16:34:02,A0003,123.155878,32.344227000000004,4.8,0,10,14,1,0,outside_200m_all_points
546,0,1718699652000,2024-06-18,16:34:12,A0003,123.156,32.344359000000004,4.3,0,0,14,0,0,outside_200m_all_points
546,0,1718872264000,2024-06-20,16:31:04,A0003,123.156855,32.343322,25.5,0,0,14,0,0,outside_200m_all_points
546,1,1718872764000,2024-06-20,16:39:24,A0003,123.155803,32.344097999999995,0.0,0,27,14,1,0,outside_200m_all_points
546,1,1718872774000,2024-06-20,16:39:34,A0003,123.155806,32.344100999999995,0.0,0,26,14,1,0,outside_200m_all_points
546,1,1718872784000,2024-06-20,16:39:44,A0003,123.155871,32.344184000000006,3.9,0,0,14,0,0,outside_200m_all_points
546,1,1718872794000,2024-06-20,16:39:54,A0003,123.155967,32.344313,1.8,0,9,14,1,0,outside_200m_all_points
546,1,1718872804000,2024-06-20,16:40:04,A0003,123.155977,32.344314999999995,0.0,0,14,14,1,0,outside_200m_all_points
575,1,1718872431000,2024-06-20,16:33:51,A0003,123.156359,32.343706,12.6,9,0,14,0,1,outside_200m_all_points
575,1,1718872441000,2024-06-20,16:34:01,A0003,123.156739,32.34341499999999,21.1,18,0,14,0,1,outside_200m_all_points
575,2,1718873831000,2024-06-20,16:57:11,A0003,123.15583,32.344128999999995,11.7,2,0,14,1,0,outside_200m_all_points
575,2,1718873841000,2024-06-20,16:57:21,A0003,123.155946,32.344271,4.7,0,8,14,1,1,outside_200m_all_points
575,2,1718873851000,2024-06-20,16:57:31,A0003,123.155968,32.344312,1.6,0,5,14,1,1,outside_200m_all_points
575,2,1718873861000,2024-06-20,16:57:41,A0003,123.155994,32.344348999999994,0.6,0,6,14,1,1,outside_200m_all_points
575,2,1718873871000,2024-06-20,16:57:51,A0003,123.15601200000002,32.34438299999999,8.8,18,0,14,0,1,outside_200m_all_points
580,0,1718874027000,2024-06-20,17:00:27,A0003,123.15248,32.343102,0.0,0,254,14,1,1,outside_200m_all_points
580,0,1718874039000,2024-06-20,17:00:39,A0003,123.15248,32.343075,0.0,0,254,14,1,1,outside_200m_all_points
580,1,1718875607000,2024-06-20,17:26:47,A0003,123.152486,32.3431,0.0,0,0,15,0,0,outside_200m_all_points
580,1,1718875617000,2024-06-20,17:26:57,A0003,123.152486,32.3431,0.0,0,0,15,0,0,outside_200m_all_points
580,1,1718875627000,2024-06-20,17:27:07,A0003,123.152483,32.343097,0.0,0,0,15,0,0,outside_200m_all_points
580,1,1718875637000,2024-06-20,17:27:17,A0003,123.152486,32.3431,0.0,0,0,15,0,0,outside_200m_all_points
580,1,1718875647000,2024-06-20,17:27:27,A0003,123.152488,32.3431,0.0,0,0,15,0,0,outside_200m_all_points
580,1,1718875657000,2024-06-20,17:27:37,A0003,123.152491,32.3431,0.0,0,0,15,0,0,outside_200m_all_points
580,1,1718875667000,2024-06-20,17:27:47,A0003,123.152488,32.343102,0.0,0,0,15,0,0,outside_200m_all_points
580,1,1718875677000,2024-06-20,17:27:57,A0003,123.152491,32.343104999999994,0.0,0,0,15,0,0,outside_200m_all_points
580,1,1718875687000,2024-06-20,17:28:07,A0003,123.152491,32.343104999999994,0.0,0,0,15,0,0,outside_200m_all_points
580,1,1718875697000,2024-06-20,17:28:17,A0003,123.152494,32.343102,0.0,0,0,15,0,0,outside_200m_all_points
580,1,1718875707000,2024-06-20,17:28:27,A0003,123.152497,32.343102,0.0,0,0,15,0,0,outside_200m_all_points
580,1,1718875717000,2024-06-20,17:28:37,A0003,123.152497,32.343102,0.0,0,0,15,0,0,outside_200m_all_points
580,1,1718875727000,2024-06-20,17:28:47,A0003,123.152494,32.343102,0.0,0,0,15,0,0,outside_200m_all_points
580,1,1718875737000,2024-06-20,17:28:57,A0003,123.152488,32.343102,0.0,0,0,15,0,0,outside_200m_all_points
580,1,1718875747000,2024-06-20,17:29:07,A0003,123.152486,32.3431,0.0,0,0,15,0,0,outside_200m_all_points
580,1,1718875757000,2024-06-20,17:29:17,A0003,123.152486,32.3431,0.0,0,0,15,0,0,outside_200m_all_points
580,1,1718875767000,2024-06-20,17:29:27,A0003,123.152486,32.343097,0.0,0,0,15,0,0,outside_200m_all_points
580,1,1718875777000,2024-06-20,17:29:37,A0003,123.152486,32.343093999999994,0.0,0,0,15,0,0,outside_200m_all_points
580,1,1718875787000,2024-06-20,17:29:47,A0003,123.152483,32.343093999999994,0.0,0,0,15,0,0,outside_200m_all_points
580,1,1718875797000,2024-06-20,17:29:57,A0003,123.152477,32.3431,0.0,0,0,15,0,0,outside_200m_all_points
580,1,1718961363000,2024-06-21,17:16:03,A0003,123.154661,32.3446,0.0,0,0,15,0,0,outside_200m_all_points
580,1,1718961373000,2024-06-21,17:16:13,A0003,123.15465,32.344601999999995,0.0,0,0,15,0,0,outside_200m_all_points
580,1,1718961383000,2024-06-21,17:16:23,A0003,123.154636,32.344605,0.0,0,0,15,0,0,outside_200m_all_points
580,1,1718961393000,2024-06-21,17:16:33,A0003,123.15463,32.344611,0.0,0,0,15,0,0,outside_200m_all_points
580,1,1718961403000,2024-06-21,17:16:43,A0003,123.154627,32.344611,0.0,0,0,15,0,0,outside_200m_all_points
580,1,1718961413000,2024-06-21,17:16:53,A0003,123.154625,32.344607999999994,0.0,0,0,15,0,0,outside_200m_all_points
580,1,1718961423000,2024-06-21,17:17:03,A0003,123.154622,32.344605,0.0,0,0,15,0,0,outside_200m_all_points
580,1,1718961433000,2024-06-21,17:17:13,A0003,123.154619,32.344601999999995,0.0,0,0,15,0,0,outside_200m_all_points
580,1,1718961443000,2024-06-21,17:17:23,A0003,123.154625,32.344601999999995,0.0,0,0,15,0,0,outside_200m_all_points
580,1,1718961453000,2024-06-21,17:17:33,A0003,123.154627,32.344601999999995,0.0,0,0,15,0,0,outside_200m_all_points
580,1,1718961463000,2024-06-21,17:17:43,A0003,123.154633,32.344607999999994,0.0,0,0,15,0,0,outside_200m_all_points
580,1,1718961473000,2024-06-21,17:17:53,A0003,123.154641,32.344612999999995,0.0,0,0,15,0,0,outside_200m_all_points
580,1,1718961483000,2024-06-21,17:18:03,A0003,123.154638,32.344615999999995,0.0,0,0,15,0,0,outside_200m_all_points
625,1,1718873143000,2024-06-20,16:45:43,A0003,123.157534,32.343113,82.3,35,0,14,0,1,outside_200m_all_points
638,1,1718874056000,2024-06-20,17:00:56,A0003,123.14601,32.344848,53.6,22,0,14,0,1,outside_200m_all_points
678,0,1718872215000,2024-06-20,16:30:15,A0003,123.15583,32.344116,4.3,0,101,14,1,1,outside_200m_all_points
678,0,1718872225000,2024-06-20,16:30:25,A0003,123.15585,32.344144,1.5,0,101,14,1,1,outside_200m_all_points
678,0,1718872235000,2024-06-20,16:30:35,A0003,123.15586299999998,32.344161,5.4,0,0,14,0,1,outside_200m_all_points
678,0,1718872245000,2024-06-20,16:30:45,A0003,123.155972,32.344327,0.0,0,101,14,1,1,outside_200m_all_points
685,0,1718616580000,2024-06-17,17:29:40,A0003,123.152735,32.340207,37.4,0,0,14,1,0,outside_200m_all_points
685,0,1718616580000,2024-06-17,17:29:40,A0003,123.152735,32.340207,37.4,0,0,14,1,0,outside_200m_all_points
685,0,1718616590000,2024-06-17,17:29:50,A0003,123.152669,32.341097999999995,43.8,0,0,14,1,0,outside_200m_all_points
685,0,1718616590000,2024-06-17,17:29:50,A0003,123.152669,32.341097999999995,43.8,0,0,14,1,0,outside_200m_all_points
685,0,1718616600000,2024-06-17,17:30:00,A0003,123.152654,32.342134,29.5,0,0,14,1,0,outside_200m_all_points
740,0,1718702989000,2024-06-18,17:29:49,A0003,123.157483,32.343162,44.1,23,0,14,0,1,outside_200m_all_points
740,0,1718702999000,2024-06-18,17:29:59,A0003,123.156614,32.344024,51.9,14,0,14,0,1,outside_200m_all_points
810,1,1718702076000,2024-06-18,17:14:36,A0003,123.15269,32.34089,33.8,36,0,14,0,0,outside_200m_all_points
811,1,1718699994000,2024-06-18,16:39:54,A0003,123.155277,32.344707,28.9,0,101,14,1,0,outside_200m_all_points
811,1,1718700004000,2024-06-18,16:40:04,A0003,123.155938,32.344406,27.2,18,0,14,0,1,outside_200m_all_points
814,0,1718700056000,2024-06-18,16:40:56,A0003,123.155822,32.344157,0.0,0,101,14,1,0,outside_200m_all_points
814,0,1718700066000,2024-06-18,16:41:06,A0003,123.155818,32.34415799999999,0.0,0,101,14,1,0,outside_200m_all_points
814,0,1718700076000,2024-06-18,16:41:16,A0003,123.155866,32.344221999999995,2.5,0,0,14,0,0,outside_200m_all_points
814,0,1718700086000,2024-06-18,16:41:26,A0003,123.155867,32.344258,0.0,0,101,14,1,0,outside_200m_all_points
814,0,1718700096000,2024-06-18,16:41:36,A0003,123.155865,32.344254,0.0,0,101,14,1,0,outside_200m_all_points
814,0,1718700106000,2024-06-18,16:41:46,A0003,123.155934,32.344313,5.0,0,0,14,0,0,outside_200m_all_points
814,0,1718700116000,2024-06-18,16:41:56,A0003,123.156168,32.344262,28.4,34,0,14,0,1,outside_200m_all_points
814,0,1718700126000,2024-06-18,16:42:06,A0003,123.156961,32.34365699999999,42.0,16,0,14,0,1,outside_200m_all_points
869,0,1718702257000,2024-06-18,17:17:37,A0003,123.157293,32.343889000000004,0.0,0,0,13,1,0,outside_200m_all_points
869,0,1718702267000,2024-06-18,17:17:47,A0003,123.157298,32.343885,0.7,0,0,13,1,1,outside_200m_all_points
869,0,1718702277000,2024-06-18,17:17:57,A0003,123.157303,32.343886,0.0,0,0,15,1,0,outside_200m_all_points
869,0,1718702287000,2024-06-18,17:18:07,A0003,123.157306,32.343886,0.0,0,0,15,1,0,outside_200m_all_points
869,0,1718702297000,2024-06-18,17:18:17,A0003,123.157306,32.343886999999995,0.0,0,0,15,1,0,outside_200m_all_points
869,0,1718702307000,2024-06-18,17:18:27,A0003,123.157306,32.343886999999995,0.0,0,0,15,1,0,outside_200m_all_points
869,0,1718702317000,2024-06-18,17:18:37,A0003,123.157306,32.343886999999995,0.0,0,0,15,1,0,outside_200m_all_points
869,0,1718702327000,2024-06-18,17:18:47,A0003,123.157306,32.343886999999995,0.0,0,0,15,1,0,outside_200m_all_points
869,0,1718702337000,2024-06-18,17:18:57,A0003,123.157306,32.343886999999995,0.0,0,0,15,1,0,outside_200m_all_points
869,0,1718702347000,2024-06-18,17:19:07,A0003,123.157306,32.343886999999995,0.0,0,0,15,1,0,outside_200m_all_points
869,0,1718702357000,2024-06-18,17:19:17,A0003,123.157306,32.343888,0.0,0,0,15,1,0,outside_200m_all_points
869,0,1718702367000,2024-06-18,17:19:27,A0003,123.157306,32.343888,0.0,0,0,15,1,0,outside_200m_all_points
869,0,1718702377000,2024-06-18,17:19:37,A0003,123.157306,32.343888,0.0,0,0,15,1,0,outside_200m_all_points
869,0,1718702387000,2024-06-18,17:19:47,A0003,123.157308,32.343886,1.1,0,0,13,1,1,outside_200m_all_points
870,1,1718700285000,2024-06-18,16:44:45,A0003,123.155947,32.34429299999999,6.0,0,101,14,1,0,outside_200m_all_points
899,1,1718699946000,2024-06-18,16:39:06,A0003,123.157245,32.34357,42.1,6,0,14,0,0,outside_200m_all_points
899,1,1718699956000,2024-06-18,16:39:16,A0003,123.1571,32.344002,7.8,0,101,14,1,0,outside_200m_all_points
899,1,1718700106000,2024-06-18,16:41:46,A0003,123.156925,32.344030000000004,7.3,6,0,14,0,0,outside_200m_all_points
899,1,1718700116000,2024-06-18,16:41:56,A0003,123.157019,32.343689999999995,36.0,29,0,14,0,1,outside_200m_all_points
929,1,1718701680000,2024-06-18,17:08:00,A0003,123.152741,32.340256,39.2,15,0,14,0,1,outside_200m_all_points
932,0,1718701203000,2024-06-18,17:00:03,A0003,123.157335,32.343385,51.7,0,0,14,1,0,outside_200m_all_points
932,0,1718701213000,2024-06-18,17:00:13,A0003,123.156918,32.343896,12.3,0,0,14,1,0,outside_200m_all_points
932,0,1718701223000,2024-06-18,17:00:23,A0003,123.157082,32.34404,15.1,0,0,14,1,1,outside_200m_all_points
938,0,1718699403000,2024-06-18,16:30:03,A0003,123.152521,32.347198,53.4,9,0,14,0,1,outside_200m_all_points
938,0,1718699408000,2024-06-18,16:30:08,A0003,123.152493,32.347858,49.5,1,0,14,0,1,outside_200m_all_points
938,0,1718699413000,2024-06-18,16:30:13,A0003,123.152473,32.348429,41.9,0,0,14,0,0,outside_200m_all_points
938,0,1718699418000,2024-06-18,16:30:18,A0003,123.152454,32.348896,31.8,0,0,14,0,0,outside_200m_all_points
938,0,1718699423000,2024-06-18,16:30:23,A0003,123.152435,32.349219,17.3,0,101,14,1,0,outside_200m_all_points
938,0,1718699428000,2024-06-18,16:30:28,A0003,123.152425,32.349391999999995,8.7,0,101,14,1,0,outside_200m_all_points
938,0,1718699433000,2024-06-18,16:30:33,A0003,123.152423,32.349419,0.0,0,0,14,0,0,outside_200m_all_points
938,0,1718699438000,2024-06-18,16:30:38,A0003,123.152423,32.349419,0.0,0,0,14,0,0,outside_200m_all_points
938,0,1718699443000,2024-06-18,16:30:43,A0003,123.152423,32.349419,0.0,0,0,14,0,0,outside_200m_all_points
938,0,1718699448000,2024-06-18,16:30:48,A0003,123.152423,32.349419,0.0,0,0,14,0,0,outside_200m_all_points
938,0,1718699453000,2024-06-18,16:30:53,A0003,123.152423,32.349419,0.0,0,0,14,0,0,outside_200m_all_points
938,0,1718699458000,2024-06-18,16:30:58,A0003,123.152423,32.349419,0.0,0,0,14,0,0,outside_200m_all_points
938,0,1718699463000,2024-06-18,16:31:03,A0003,123.152423,32.349419,1.2,6,0,14,0,1,outside_200m_all_points
938,0,1718699468000,2024-06-18,16:31:08,A0003,123.152419,32.349514,13.8,12,0,14,0,1,outside_200m_all_points
956,1,1718699844000,2024-06-18,16:37:24,A0003,123.157539,32.343182,55.6,21,0,14,1,0,outside_200m_all_points
969,1,1718959881000,2024-06-21,16:51:21,A0003,123.15274,32.340622999999994,37.0,14,0,14,0,1,outside_200m_all_points
973,0,1718615890000,2024-06-17,17:18:10,A0003,123.156894,32.34396099999999,45.0,2,0,14,0,1,outside_200m_all_points
973,0,1718702075000,2024-06-18,17:14:35,A0003,123.156899,32.3438,24.0,0,101,14,1,0,outside_200m_all_points
973,0,1718788686000,2024-06-19,17:18:06,A0003,123.156914,32.34335,18.0,9,0,14,0,1,outside_200m_all_points
973,0,1718875026000,2024-06-20,17:17:06,A0003,123.156908,32.343706999999995,19.0,14,0,14,0,1,outside_200m_all_points
986,0,1718613914000,2024-06-17,16:45:14,A0003,123.157086,32.343646,41.0,0,101,14,1,0,outside_200m_all_points
986,0,1718613924000,2024-06-17,16:45:24,A0003,123.15709,32.344015,15.0,71,0,14,0,1,outside_200m_all_points
986,1,1718614334000,2024-06-17,16:52:14,A0003,123.156887,32.344023,0.0,0,101,15,1,0,outside_200m_all_points
986,1,1718614344000,2024-06-17,16:52:24,A0003,123.156883,32.344021999999995,0.0,0,0,15,0,0,outside_200m_all_points
986,1,1718614354000,2024-06-17,16:52:34,A0003,123.156884,32.344021000000005,0.0,0,0,15,0,0,outside_200m_all_points
986,1,1718614364000,2024-06-17,16:52:44,A0003,123.156884,32.344021000000005,0.0,0,0,15,0,0,outside_200m_all_points
986,1,1718614374000,2024-06-17,16:52:54,A0003,123.156883,32.34402,0.0,0,0,15,0,0,outside_200m_all_points
986,1,1718614384000,2024-06-17,16:53:04,A0003,123.156883,32.344019,0.0,0,0,15,0,0,outside_200m_all_points
986,1,1718614394000,2024-06-17,16:53:14,A0003,123.156883,32.344018,0.0,0,0,15,0,0,outside_200m_all_points
986,1,1718614404000,2024-06-17,16:53:24,A0003,123.156882,32.344018,0.0,0,101,15,1,0,outside_200m_all_points
986,1,1718614414000,2024-06-17,16:53:34,A0003,123.156882,32.344018,0.0,0,101,15,1,0,outside_200m_all_points
986,1,1718614424000,2024-06-17,16:53:44,A0003,123.156882,32.344016999999994,0.0,0,101,15,1,0,outside_200m_all_points
986,1,1718614434000,2024-06-17,16:53:54,A0003,123.156882,32.344016999999994,0.0,0,101,15,1,0,outside_200m_all_points
986,1,1718614444000,2024-06-17,16:54:04,A0003,123.156882,32.344016999999994,0.0,0,101,15,1,0,outside_200m_all_points
986,1,1718614454000,2024-06-17,16:54:14,A0003,123.156882,32.344016999999994,0.0,0,101,15,1,0,outside_200m_all_points
986,1,1718614464000,2024-06-17,16:54:24,A0003,123.156843,32.343926,28.0,21,0,14,0,1,outside_200m_all_points
986,1,1718614474000,2024-06-17,16:54:34,A0003,123.157485,32.343090999999994,60.0,22,0,14,0,1,outside_200m_all_points
986,0,1718700459000,2024-06-18,16:47:39,A0003,123.156925,32.344032,8.0,0,101,14,1,0,outside_200m_all_points
986,0,1718700469000,2024-06-18,16:47:49,A0003,123.156932,32.343962,0.0,0,0,15,0,0,outside_200m_all_points
986,0,1718700479000,2024-06-18,16:47:59,A0003,123.156937,32.34396099999999,0.0,0,0,15,0,0,outside_200m_all_points
986,0,1718700489000,2024-06-18,16:48:09,A0003,123.156933,32.343957,0.0,0,0,15,0,0,outside_200m_all_points
986,0,1718700499000,2024-06-18,16:48:19,A0003,123.156933,32.343957,0.0,0,0,15,0,0,outside_200m_all_points
986,0,1718700509000,2024-06-18,16:48:29,A0003,123.156933,32.343957,0.0,0,0,15,0,0,outside_200m_all_points
986,0,1718700519000,2024-06-18,16:48:39,A0003,123.156933,32.343957,0.0,0,0,15,0,0,outside_200m_all_points
986,0,1718700529000,2024-06-18,16:48:49,A0003,123.156933,32.343957,0.0,0,0,15,0,0,outside_200m_all_points
986,0,1718700539000,2024-06-18,16:48:59,A0003,123.156933,32.343957,0.0,0,0,15,0,0,outside_200m_all_points
986,0,1718700549000,2024-06-18,16:49:09,A0003,123.156933,32.343957,0.0,0,101,15,1,0,outside_200m_all_points
986,0,1718700559000,2024-06-18,16:49:19,A0003,123.156928,32.343952,0.0,0,0,14,0,0,outside_200m_all_points
986,0,1718700569000,2024-06-18,16:49:29,A0003,123.156919,32.343942,0.0,0,101,14,1,0,outside_200m_all_points
986,0,1718700579000,2024-06-18,16:49:39,A0003,123.15686,32.343771999999994,27.0,58,0,14,0,1,outside_200m_all_points
986,1,1718702176000,2024-06-18,17:16:16,A0003,123.152342,32.349442,59.0,14,0,14,0,1,outside_200m_all_points
986,0,1718787613000,2024-06-19,17:00:13,A0003,123.15686200000002,32.343963,5.0,26,0,14,0,1,outside_200m_all_points
986,0,1718787623000,2024-06-19,17:00:23,A0003,123.157086,32.343587,38.0,15,0,14,0,1,outside_200m_all_points
986,0,1718961970000,2024-06-21,17:26:10,A0003,123.156873,32.344042,0.0,0,0,15,0,0,outside_200m_all_points
986,0,1718961980000,2024-06-21,17:26:20,A0003,123.156905,32.34405,0.0,0,0,15,0,0,outside_200m_all_points
986,0,1718961990000,2024-06-21,17:26:30,A0003,123.156906,32.344049,0.0,0,0,15,0,0,outside_200m_all_points
986,0,1718962000000,2024-06-21,17:26:40,A0003,123.156906,32.344049,0.0,0,0,15,0,0,outside_200m_all_points
986,0,1718962010000,2024-06-21,17:26:50,A0003,123.156906,32.344049,0.0,0,0,15,0,0,outside_200m_all_points
986,0,1718962020000,2024-06-21,17:27:00,A0003,123.156906,32.344049,0.0,0,0,15,0,0,outside_200m_all_points
986,0,1718962030000,2024-06-21,17:27:10,A0003,123.156906,32.344049,0.0,0,0,15,0,0,outside_200m_all_points
986,0,1718962040000,2024-06-21,17:27:20,A0003,123.156906,32.344048,0.0,0,0,15,0,0,outside_200m_all_points
986,0,1718962050000,2024-06-21,17:27:30,A0003,123.156906,32.344048,0.0,0,0,15,0,0,outside_200m_all_points
986,0,1718962060000,2024-06-21,17:27:40,A0003,123.156906,32.344048,0.0,0,0,15,0,0,outside_200m_all_points
986,0,1718962070000,2024-06-21,17:27:50,A0003,123.156905,32.344048,0.0,0,0,15,0,0,outside_200m_all_points
986,0,1718962080000,2024-06-21,17:28:00,A0003,123.156905,32.344048,0.0,0,0,15,0,0,outside_200m_all_points
986,0,1718962090000,2024-06-21,17:28:10,A0003,123.156905,32.344047,0.0,0,0,15,0,0,outside_200m_all_points
986,0,1718962100000,2024-06-21,17:28:20,A0003,123.156905,32.344047,0.0,0,0,15,0,0,outside_200m_all_points
986,0,1718962110000,2024-06-21,17:28:30,A0003,123.156905,32.344047,0.0,0,0,15,0,0,outside_200m_all_points
986,0,1718962120000,2024-06-21,17:28:40,A0003,123.156905,32.344047,0.0,0,0,15,0,0,outside_200m_all_points
986,0,1718962130000,2024-06-21,17:28:50,A0003,123.156905,32.344047,0.0,0,0,15,0,0,outside_200m_all_points
986,0,1718962140000,2024-06-21,17:29:00,A0003,123.156905,32.344046,0.0,0,0,15,0,0,outside_200m_all_points
986,0,1718962150000,2024-06-21,17:29:10,A0003,123.156905,32.344046,0.0,0,0,15,0,0,outside_200m_all_points
986,0,1718962160000,2024-06-21,17:29:20,A0003,123.156905,32.344046,0.0,0,0,15,0,0,outside_200m_all_points
986,0,1718962170000,2024-06-21,17:29:30,A0003,123.156905,32.344046,0.0,0,0,15,0,0,outside_200m_all_points
986,0,1718962180000,2024-06-21,17:29:40,A0003,123.156904,32.344044999999994,0.0,0,0,15,0,0,outside_200m_all_points
986,0,1718962190000,2024-06-21,17:29:50,A0003,123.156905,32.344044999999994,0.0,0,0,15,0,0,outside_200m_all_points
986,0,1718962200000,2024-06-21,17:30:00,A0003,123.156905,32.344044999999994,0.0,0,0,15,0,0,outside_200m_all_points
1018,1,1718700308000,2024-06-18,16:45:08,A0003,123.145608,32.34482199999999,34.0,2,0,14,1,0,outside_200m_all_points
1043,1,1718701412000,2024-06-18,17:03:32,A0003,123.146341,32.344840999999995,40.5,33,0,14,0,1,outside_200m_all_points
1054,1,1718700886000,2024-06-18,16:54:46,A0003,123.152375,32.348772,50.9,18,0,14,1,0,outside_200m_all_points
1054,3,1718701436000,2024-06-18,17:03:56,A0003,123.155817,32.344151000000004,6.1,0,8,14,1,1,outside_200m_all_points
1054,3,1718701446000,2024-06-18,17:04:06,A0003,123.155898,32.344245,3.8,0,8,14,1,1,outside_200m_all_points
1054,3,1718701456000,2024-06-18,17:04:16,A0003,123.155941,32.344308000000005,6.5,16,0,14,0,1,outside_200m_all_points
1059,0,1718613322000,2024-06-17,16:35:22,A0003,123.155816,32.344123,0.0,0,101,14,1,0,outside_200m_all_points
1059,0,1718613352000,2024-06-17,16:35:52,A0003,123.155842,32.344136,3.3,10,0,14,0,1,outside_200m_all_points
1059,0,1718613382000,2024-06-17,16:36:22,A0003,123.157203,32.343408999999994,41.6,11,0,14,0,1,outside_200m_all_points
1059,0,1718699984000,2024-06-18,16:39:44,A0003,123.15579,32.34405099999999,3.6,0,0,14,0,0,outside_200m_all_points
1059,0,1718700014000,2024-06-18,16:40:14,A0003,123.155892,32.344218,0.0,0,0,14,0,0,outside_200m_all_points
1059,0,1718700044000,2024-06-18,16:40:44,A0003,123.157274,32.343322,46.6,14,0,14,0,1,outside_200m_all_points
1059,0,1718786023000,2024-06-19,16:33:43,A0003,123.155844,32.344190999999995,0.0,0,101,14,1,0,outside_200m_all_points
1059,0,1718786053000,2024-06-19,16:34:13,A0003,123.156215,32.344256,33.6,27,0,14,0,1,outside_200m_all_points
1059,0,1718872757000,2024-06-20,16:39:17,A0003,123.156278,32.344182,36.5,20,0,14,0,1,outside_200m_all_points
1059,0,1718959729000,2024-06-21,16:48:49,A0003,123.155889,32.34423,0.0,0,101,14,1,0,outside_200m_all_points
1059,0,1718959759000,2024-06-21,16:49:19,A0003,123.156811,32.343779,41.0,10,0,14,0,1,outside_200m_all_points
1068,1,1718702820000,2024-06-18,17:27:00,A0003,123.155771,32.344083000000005,8.7,0,6,14,1,0,outside_200m_all_points
1068,1,1718702830000,2024-06-18,17:27:10,A0003,123.155843,32.344188,0.2,0,18,14,1,0,outside_200m_all_points
1068,1,1718702840000,2024-06-18,17:27:20,A0003,123.155899,32.34425,6.4,0,8,14,1,0,outside_200m_all_points
1068,1,1718702850000,2024-06-18,17:27:30,A0003,123.155955,32.344297999999995,0.0,0,22,14,1,0,outside_200m_all_points
1068,1,1718702860000,2024-06-18,17:27:40,A0003,123.15598500000002,32.344323,11.4,38,0,14,0,1,outside_200m_all_points
1083,0,1718702594000,2024-06-18,17:23:14,A0003,123.157454,32.343808,0.0,0,0,15,0,0,outside_200m_all_points
1097,1,1718961086000,2024-06-21,17:11:26,A0003,123.15579,32.344072,11.3,0,7,14,1,0,outside_200m_all_points
1097,1,1718961096000,2024-06-21,17:11:36,A0003,123.15587,32.34420299999999,0.0,0,0,14,0,1,outside_200m_all_points
1097,1,1718961106000,2024-06-21,17:11:46,A0003,123.155944,32.344280999999995,0.7,0,9,14,1,1,outside_200m_all_points
1097,1,1718961116000,2024-06-21,17:11:56,A0003,123.155935,32.344278,0.5,0,2,14,1,1,outside_200m_all_points
1097,1,1718961126000,2024-06-21,17:12:06,A0003,123.155956,32.344299,0.7,0,4,14,1,1,outside_200m_all_points
1097,1,1718961136000,2024-06-21,17:12:16,A0003,123.155972,32.344302,0.0,0,5,14,1,1,outside_200m_all_points
1097,1,1718961146000,2024-06-21,17:12:26,A0003,123.155975,32.344303999999994,0.0,0,5,14,1,1,outside_200m_all_points
1097,1,1718961156000,2024-06-21,17:12:36,A0003,123.155975,32.344303999999994,0.0,0,5,14,1,1,outside_200m_all_points
1097,1,1718961166000,2024-06-21,17:12:46,A0003,123.155975,32.344303999999994,0.0,0,4,14,1,1,outside_200m_all_points
1097,1,1718961176000,2024-06-21,17:12:56,A0003,123.15599,32.344347,2.4,0,0,14,1,1,outside_200m_all_points
1104,1,1718960910000,2024-06-21,17:08:30,A0003,123.15228700000002,32.349447999999995,43.2,0,0,14,1,0,outside_200m_all_points
1125,1,1718874068000,2024-06-20,17:01:08,A0003,123.152704,32.341295,50.5,35,0,14,0,1,outside_200m_all_points
1125,3,1718875141000,2024-06-20,17:19:01,A0003,123.1558,32.344066999999995,5.2,0,0,14,0,0,outside_200m_all_points
1125,3,1718875151000,2024-06-20,17:19:11,A0003,123.155827,32.344112,1.2,0,0,14,0,0,outside_200m_all_points
1125,3,1718875161000,2024-06-20,17:19:21,A0003,123.155858,32.344144,6.9,44,0,14,0,1,outside_200m_all_points
1125,3,1718875171000,2024-06-20,17:19:31,A0003,123.155996,32.344375,24.2,44,0,14,0,1,outside_200m_all_points
1143,0,1718958853000,2024-06-21,16:34:13,A0003,123.155858,32.344189,3.8,0,0,14,1,1,outside_200m_all_points
1143,0,1718958863000,2024-06-21,16:34:23,A0003,123.155972,32.344389,16.6,15,0,14,0,1,outside_200m_all_points
1149,0,1718615045000,2024-06-17,17:04:05,A0003,123.15713999999998,32.343526000000004,42.0,14,0,14,0,1,outside_200m_all_points
1149,0,1718615075000,2024-06-17,17:04:35,A0003,123.156114,32.344351,0.0,4,0,14,0,1,outside_200m_all_points
1149,0,1718615105000,2024-06-17,17:05:05,A0003,123.156026,32.34438,4.0,6,0,14,0,1,outside_200m_all_points
1149,0,1718615135000,2024-06-17,17:05:35,A0003,123.15596,32.344336,0.0,0,101,14,1,0,outside_200m_all_points
1149,0,1718615165000,2024-06-17,17:06:05,A0003,123.15596,32.344336,0.0,0,101,14,1,0,outside_200m_all_points
1158,0,1718958989000,2024-06-21,16:36:29,A0003,123.157001,32.343737,29.2,0,0,14,1,0,outside_200m_all_points
1158,0,1718958999000,2024-06-21,16:36:39,A0003,123.156384,32.344205,32.5,0,0,14,1,0,outside_200m_all_points
1158,0,1718959009000,2024-06-21,16:36:49,A0003,123.15606,32.344393999999994,7.8,0,0,14,0,1,outside_200m_all_points
1158,0,1718959019000,2024-06-21,16:36:59,A0003,123.155887,32.344344,8.3,0,0,14,1,1,outside_200m_all_points
1158,0,1718959029000,2024-06-21,16:37:09,A0003,123.155814,32.344247,5.0,0,0,14,0,1,outside_200m_all_points
1158,0,1718959039000,2024-06-21,16:37:19,A0003,123.155744,32.344127,3.0,0,0,14,0,1,outside_200m_all_points
1158,1,1718959219000,2024-06-21,16:40:19,A0003,123.155778,32.344112,2.5,0,0,14,1,1,outside_200m_all_points
1158,1,1718959229000,2024-06-21,16:40:29,A0003,123.155835,32.344188,4.2,0,0,14,1,1,outside_200m_all_points
1158,1,1718959239000,2024-06-21,16:40:39,A0003,123.155926,32.344277000000005,7.9,0,0,14,1,1,outside_200m_all_points
1158,1,1718959249000,2024-06-21,16:40:49,A0003,123.15613700000002,32.344297999999995,19.1,11,0,14,0,1,outside_200m_all_points
1158,1,1718959259000,2024-06-21,16:40:59,A0003,123.156773,32.34381,30.6,0,0,14,0,1,outside_200m_all_points
1158,1,1718959269000,2024-06-21,16:41:09,A0003,123.157372,32.343194,35.7,8,0,14,1,0,outside_200m_all_points
1193,1,1718962114000,2024-06-21,17:28:34,A0003,123.15232,32.349075,59.0,16,0,14,0,0,outside_200m_all_points
1212,0,1718960238000,2024-06-21,16:57:18,A0003,123.152801,32.341998,0.0,0,0,0,1,0,outside_200m_all_points
1212,0,1718960253000,2024-06-21,16:57:33,A0003,123.152801,32.341998,0.0,0,101,0,1,0,outside_200m_all_points
1212,0,1718960280000,2024-06-21,16:58:00,A0003,123.152765,32.342146,0.0,0,0,0,1,0,outside_200m_all_points
1212,0,1718960308000,2024-06-21,16:58:28,A0003,123.152754,32.34205,0.0,0,0,0,1,0,outside_200m_all_points
1212,0,1718960336000,2024-06-21,16:58:56,A0003,123.152762,32.342051,0.0,0,0,0,1,0,outside_200m_all_points
1212,0,1718960364000,2024-06-21,16:59:24,A0003,123.152763,32.34205,0.0,0,0,0,1,0,outside_200m_all_points
1212,0,1718960392000,2024-06-21,16:59:52,A0003,123.152764,32.34205,0.0,0,0,0,1,0,outside_200m_all_points
1212,0,1718960420000,2024-06-21,17:00:20,A0003,123.152764,32.342049,0.0,0,0,0,1,0,outside_200m_all_points
1212,0,1718960448000,2024-06-21,17:00:48,A0003,123.152765,32.342049,0.0,0,0,0,1,0,outside_200m_all_points
1212,0,1718960476000,2024-06-21,17:01:16,A0003,123.152765,32.342049,0.0,0,0,0,1,0,outside_200m_all_points
1212,0,1718960504000,2024-06-21,17:01:44,A0003,123.152769,32.34205,0.0,0,101,0,1,0,outside_200m_all_points
1212,0,1718960532000,2024-06-21,17:02:12,A0003,123.152772,32.342051,0.0,0,101,0,1,0,outside_200m_all_points
1212,0,1718960560000,2024-06-21,17:02:40,A0003,123.152773,32.342051,0.0,0,101,0,1,0,outside_200m_all_points
1212,0,1718960588000,2024-06-21,17:03:08,A0003,123.152774,32.342051999999995,0.0,0,101,13,1,1,outside_200m_all_points
1212,0,1718960616000,2024-06-21,17:03:36,A0003,123.152776,32.342060000000004,1.4,0,0,13,0,1,outside_200m_all_points
1212,0,1718960644000,2024-06-21,17:04:04,A0003,123.15282,32.342175999999995,3.2,0,0,13,0,1,outside_200m_all_points
1222,0,1718789391000,2024-06-19,17:29:51,A0003,123.157525,32.343164,61.3,44,0,14,0,1,outside_200m_all_points
1264,1,1718960369000,2024-06-21,16:59:29,A0003,123.146533,32.344862,64.1,41,0,14,0,1,outside_200m_all_points
1265,1,1718961195000,2024-06-21,17:13:15,A0003,123.146023,32.34483,69.9,52,0,14,0,1,outside_200m_all_points
1276,0,1718873851000,2024-06-20,16:57:31,A0003,123.15719,32.343558,33.7,4,0,14,1,0,outside_200m_all_points
1276,0,1718873861000,2024-06-20,16:57:41,A0003,123.156487,32.344156,31.8,7,0,14,0,1,outside_200m_all_points
1276,0,1718873871000,2024-06-20,16:57:51,A0003,123.155617,32.344655,35.2,0,0,14,1,0,outside_200m_all_points
1276,0,1718873881000,2024-06-20,16:58:01,A0003,123.154876,32.34492899999999,14.2,0,0,14,1,0,outside_200m_all_points
1276,0,1718873891000,2024-06-20,16:58:11,A0003,123.154674,32.344981,0.0,0,0,14,1,1,outside_200m_all_points
1276,0,1718873901000,2024-06-20,16:58:21,A0003,123.154682,32.344977,0.0,0,0,14,1,1,outside_200m_all_points
1276,0,1718873911000,2024-06-20,16:58:31,A0003,123.154681,32.344977,0.0,0,0,14,1,1,outside_200m_all_points
1324,1,1718958986000,2024-06-21,16:36:26,A0003,123.14606,32.344854,66.9,43,0,14,0,1,outside_200m_all_points
1329,1,1718959500000,2024-06-21,16:45:00,A0003,123.152707,32.340394,47.6,26,0,14,0,1,outside_200m_all_points
1394,0,1718959889000,2024-06-21,16:51:29,A0003,123.157413,32.343256,46.2,22,0,14,0,1,outside_200m_all_points
1394,0,1718959899000,2024-06-21,16:51:39,A0003,123.156709,32.34396,32.6,20,0,14,0,1,outside_200m_all_points
1394,0,1718959909000,2024-06-21,16:51:49,A0003,123.156142,32.344359000000004,9.6,0,7,14,1,0,outside_200m_all_points
1394,0,1718959919000,2024-06-21,16:51:59,A0003,123.155961,32.344395,8.7,20,0,14,0,1,outside_200m_all_points
1394,0,1718959929000,2024-06-21,16:52:09,A0003,123.155809,32.344251,4.4,16,0,14,0,1,outside_200m_all_points
1394,1,1718960149000,2024-06-21,16:55:49,A0003,123.155827,32.344196999999994,10.2,0,6,14,1,0,outside_200m_all_points
1394,1,1718960159000,2024-06-21,16:55:59,A0003,123.155915,32.344284,4.9,0,5,14,1,1,outside_200m_all_points
1394,1,1718960169000,2024-06-21,16:56:09,A0003,123.156134,32.344285,20.7,35,0,14,0,1,outside_200m_all_points
1394,1,1718960179000,2024-06-21,16:56:19,A0003,123.156665,32.343891,20.2,19,0,14,0,1,outside_200m_all_points
1394,1,1718960189000,2024-06-21,16:56:29,A0003,123.156991,32.343598,14.5,0,0,14,1,0,outside_200m_all_points
1394,1,1718960199000,2024-06-21,16:56:39,A0003,123.157302,32.343265,17.6,15,0,14,0,1,outside_200m_all_points
1419,1,1718615036000,2024-06-17,17:03:56,A0003,123.147956,32.34490099999999,57.1,21,0,14,0,1,outside_200m_all_points
1419,1,1718615046000,2024-06-17,17:04:06,A0003,123.146326,32.344831,52.1,19,0,14,0,1,outside_200m_all_points
1419,2,1718615306000,2024-06-17,17:08:26,A0003,123.146016,32.344759999999994,61.4,10,0,14,0,1,outside_200m_all_points
1419,2,1718615306000,2024-06-17,17:08:26,A0003,123.146016,32.344759999999994,61.4,10,0,14,0,1,outside_200m_all_points
1460,0,1718613001000,2024-06-17,16:30:01,A0003,123.149355,32.345057999999995,63.1,29,0,14,0,1,outside_200m_all_points
1460,0,1718613011000,2024-06-17,16:30:11,A0003,123.14758799999998,32.344977,55.3,0,0,14,0,0,outside_200m_all_points
1460,0,1718613021000,2024-06-17,16:30:21,A0003,123.145994,32.344902000000005,49.0,0,2,14,0,0,outside_200m_all_points
1460,1,1718613271000,2024-06-17,16:34:31,A0003,123.145544,32.344783,24.1,0,2,14,0,0,outside_200m_all_points
1469,0,1718613245000,2024-06-17,16:34:05,A0003,123.155843,32.344168,5.4,0,2,14,1,0,outside_200m_all_points
1469,0,1718613255000,2024-06-17,16:34:15,A0003,123.15597,32.344342,6.8,0,14,14,1,0,outside_200m_all_points
1476,1,1718615836000,2024-06-17,17:17:16,A0003,123.145666,32.34483,53.4,20,0,14,0,1,outside_200m_all_points
1482,0,1718615462000,2024-06-17,17:11:02,A0003,123.155887,32.344189,0.0,0,101,14,1,0,outside_200m_all_points
1482,0,1718615492000,2024-06-17,17:11:32,A0003,123.155895,32.344199,5.0,0,0,14,0,0,outside_200m_all_points
1484,1,1718616525000,2024-06-17,17:28:45,A0003,123.145977,32.344829,65.6,27,0,14,0,1,outside_200m_all_points
1541,0,1718615723000,2024-06-17,17:15:23,A0003,123.157483,32.343191,45.7,0,0,14,0,0,outside_200m_all_points
1541,0,1718615733000,2024-06-17,17:15:33,A0003,123.156914,32.343884,12.5,0,101,14,1,0,outside_200m_all_points
1541,1,1718616273000,2024-06-17,17:24:33,A0003,123.156924,32.344029,16.2,33,0,14,0,1,outside_200m_all_points
1541,1,1718616283000,2024-06-17,17:24:43,A0003,123.157182,32.343436,44.3,19,0,14,0,1,outside_200m_all_points
1636,1,1718615712000,2024-06-17,17:15:12,A0003,123.155803,32.344099,0.0,0,101,14,1,1,outside_200m_all_points
1636,1,1718615722000,2024-06-17,17:15:22,A0003,123.155801,32.344106999999994,0.0,0,101,14,1,1,outside_200m_all_points
1636,1,1718615732000,2024-06-17,17:15:32,A0003,123.155806,32.344116,4.6,17,0,14,0,1,outside_200m_all_points
1636,1,1718615742000,2024-06-17,17:15:42,A0003,123.155896,32.344244,10.1,6,0,14,0,0,outside_200m_all_points
1636,1,1718615752000,2024-06-17,17:15:52,A0003,123.156497,32.344023,53.0,38,0,14,0,1,outside_200m_all_points
1648,1,1718614431000,2024-06-17,16:53:51,A0003,123.157469,32.343252,47.3,12,0,14,1,0,outside_200m_all_points
1650,0,1718615202000,2024-06-17,17:06:42,A0003,123.157893,32.343231,2.6,0,0,14,1,1,outside_200m_all_points
1650,0,1718615212000,2024-06-17,17:06:52,A0003,123.15788700000002,32.343261,0.0,0,0,14,1,1,outside_200m_all_points
1650,0,1718615222000,2024-06-17,17:07:02,A0003,123.157876,32.343256999999994,0.0,0,0,14,1,0,outside_200m_all_points
1650,0,1718615232000,2024-06-17,17:07:12,A0003,123.157876,32.343258,0.0,0,0,14,1,1,outside_200m_all_points
1650,0,1718615242000,2024-06-17,17:07:22,A0003,123.15788700000002,32.34328,0.5,0,0,14,1,1,outside_200m_all_points
1650,0,1718615252000,2024-06-17,17:07:32,A0003,123.157883,32.343312,0.9,0,0,14,1,1,outside_200m_all_points
1650,0,1718615262000,2024-06-17,17:07:42,A0003,123.157858,32.343354,1.5,0,0,14,1,1,outside_200m_all_points
1650,0,1718615272000,2024-06-17,17:07:52,A0003,123.15782,32.3434,6.4,0,0,14,1,1,outside_200m_all_points
1650,0,1718615282000,2024-06-17,17:08:02,A0003,123.157802,32.34344,0.0,0,0,14,1,0,outside_200m_all_points
1650,0,1718615292000,2024-06-17,17:08:12,A0003,123.157656,32.34362,21.4,25,0,14,1,1,outside_200m_all_points
1650,0,1718615312000,2024-06-17,17:08:32,A0003,123.156967,32.344102,12.2,17,0,14,1,1,outside_200m_all_points
1650,0,1718615322000,2024-06-17,17:08:42,A0003,123.156885,32.344041,0.0,0,0,14,1,0,outside_200m_all_points
1650,0,1718615332000,2024-06-17,17:08:52,A0003,123.156887,32.344043,0.0,0,0,14,1,1,outside_200m_all_points
1650,0,1718615342000,2024-06-17,17:09:02,A0003,123.156884,32.344042,0.1,0,0,14,1,1,outside_200m_all_points
1650,0,1718615352000,2024-06-17,17:09:12,A0003,123.156882,32.344032,0.2,0,0,14,1,1,outside_200m_all_points
1650,0,1718615362000,2024-06-17,17:09:22,A0003,123.156837,32.343755,22.7,13,0,14,1,1,outside_200m_all_points
1650,0,1718615372000,2024-06-17,17:09:32,A0003,123.157364,32.343222,30.4,13,0,14,1,1,outside_200m_all_points
1695,1,1718615216000,2024-06-17,17:06:56,A0003,123.15274,32.340363999999994,54.2,24,0,14,0,1,outside_200m_all_points
1695,4,1718615766000,2024-06-17,17:16:06,A0003,123.152705,32.341106,49.9,25,0,14,0,1,outside_200m_all_points
1701,1,1718614039000,2024-06-17,16:47:19,A0003,123.155838,32.34411,7.8,0,0,14,0,0,outside_200m_all_points
1701,1,1718614049000,2024-06-17,16:47:29,A0003,123.155919,32.344221999999995,2.7,0,101,14,1,0,outside_200m_all_points
1701,1,1718614059000,2024-06-17,16:47:39,A0003,123.155974,32.344309,1.9,0,101,14,1,0,outside_200m_all_points
1734,0,1718962185000,2024-06-21,17:29:45,A0003,123.145357,32.344787,63.1,15,0,14,0,1,outside_200m_all_points
1734,0,1718962195000,2024-06-21,17:29:55,A0003,123.147242,32.344866999999994,63.9,13,0,14,0,1,outside_200m_all_points
1739,0,1718700689000,2024-06-18,16:51:29,A0003,123.152719,32.342192999999995,0.0,0,0,0,0,0,outside_200m_all_points
1739,0,1718961097000,2024-06-21,17:11:37,A0003,123.152933,32.342243,0.0,0,0,0,1,0,outside_200m_all_points
1739,0,1718961125000,2024-06-21,17:12:05,A0003,123.152933,32.342220999999995,0.0,0,0,0,1,0,outside_200m_all_points
1739,0,1718961153000,2024-06-21,17:12:33,A0003,123.152933,32.342220999999995,0.0,0,0,0,1,0,outside_200m_all_points
1739,0,1718961181000,2024-06-21,17:13:01,A0003,123.152934,32.342222,0.0,0,0,0,1,0,outside_200m_all_points
1739,0,1718961210000,2024-06-21,17:13:30,A0003,123.152934,32.342222,0.0,0,0,0,1,0,outside_200m_all_points
1739,0,1718961238000,2024-06-21,17:13:58,A0003,123.152934,32.342222,0.0,0,0,0,1,0,outside_200m_all_points
1739,0,1718961266000,2024-06-21,17:14:26,A0003,123.152934,32.342223,0.0,0,0,0,1,0,outside_200m_all_points
1739,1,1718962166000,2024-06-21,17:29:26,A0003,123.152886,32.342254,0.0,0,0,0,0,0,outside_200m_all_points
1792,0,1718789378000,2024-06-19,17:29:38,A0003,123.146722,32.344891,69.0,0,0,14,1,0,outside_200m_all_points
1792,0,1718789388000,2024-06-19,17:29:48,A0003,123.148641,32.344947999999995,61.0,0,0,14,1,0,outside_200m_all_points
1792,0,1718789398000,2024-06-19,17:29:58,A0003,123.150381,32.345011,56.7,24,0,14,0,1,outside_200m_all_points
1819,1,1718788576000,2024-06-19,17:16:16,A0003,123.15583,32.344131,2.5,0,101,14,1,0,outside_200m_all_points
1819,1,1718788606000,2024-06-19,17:16:46,A0003,123.15683,32.343726000000004,32.5,19,0,14,0,1,outside_200m_all_points
1834,1,1718788068000,2024-06-19,17:07:48,A0003,123.155909,32.344235999999995,0.0,0,101,14,1,0,outside_200m_all_points
1834,1,1718788098000,2024-06-19,17:08:18,A0003,123.155956,32.344299,4.0,18,0,14,0,1,outside_200m_all_points
1939,0,1718874664000,2024-06-20,17:11:04,A0003,123.156804,32.343844,48.4,0,0,14,0,0,outside_200m_all_points
1939,0,1718874674000,2024-06-20,17:11:14,A0003,123.15603,32.344373,10.4,0,0,14,0,0,outside_200m_all_points
1939,0,1718874684000,2024-06-20,17:11:24,A0003,123.15587,32.344252999999995,4.5,10,0,14,0,1,outside_200m_all_points
1939,0,1718874734000,2024-06-20,17:12:14,A0003,123.15654,32.343573,15.8,0,0,14,0,0,outside_200m_all_points
1939,1,1718874834000,2024-06-20,17:13:54,A0003,123.15683500000002,32.343337,0.0,0,0,15,0,0,outside_200m_all_points
1939,1,1718874844000,2024-06-20,17:14:04,A0003,123.156828,32.343335999999994,0.0,0,0,15,0,0,outside_200m_all_points
1939,1,1718874874000,2024-06-20,17:14:34,A0003,123.156826,32.343332000000004,0.0,0,0,15,0,0,outside_200m_all_points
1939,1,1718874884000,2024-06-20,17:14:44,A0003,123.156826,32.343334000000006,0.0,0,0,15,0,0,outside_200m_all_points
1939,1,1718874894000,2024-06-20,17:14:54,A0003,123.156826,32.343335,0.0,0,0,15,0,0,outside_200m_all_points
1939,1,1718874904000,2024-06-20,17:15:04,A0003,123.156824,32.343338,0.0,0,0,15,0,0,outside_200m_all_points
1939,1,1718874914000,2024-06-20,17:15:14,A0003,123.156825,32.343340999999995,0.0,0,0,15,0,0,outside_200m_all_points
1939,1,1718874924000,2024-06-20,17:15:24,A0003,123.156824,32.343340999999995,0.0,0,0,15,0,0,outside_200m_all_points
1939,1,1718874934000,2024-06-20,17:15:34,A0003,123.156819,32.343342,0.0,0,0,15,0,0,outside_200m_all_points
1939,1,1718874954000,2024-06-20,17:15:54,A0003,123.15681399999998,32.343352,0.0,0,0,15,0,0,outside_200m_all_points
1939,1,1718874964000,2024-06-20,17:16:04,A0003,123.156824,32.343356,0.0,0,0,15,0,0,outside_200m_all_points
1939,1,1718874974000,2024-06-20,17:16:14,A0003,123.156824,32.343356,0.0,0,0,15,0,0,outside_200m_all_points
1939,1,1718874984000,2024-06-20,17:16:24,A0003,123.156816,32.343351,0.0,0,0,15,0,0,outside_200m_all_points
1939,1,1718874994000,2024-06-20,17:16:34,A0003,123.15681399999998,32.343349,0.0,0,0,15,0,0,outside_200m_all_points
1939,1,1718875004000,2024-06-20,17:16:44,A0003,123.15681399999998,32.343349,0.0,0,0,15,0,0,outside_200m_all_points
1939,1,1718875014000,2024-06-20,17:16:54,A0003,123.15681399999998,32.343349,0.0,0,0,15,0,0,outside_200m_all_points
1939,1,1718875024000,2024-06-20,17:17:04,A0003,123.156816,32.343344,0.0,0,0,15,0,0,outside_200m_all_points
1939,2,1718875064000,2024-06-20,17:17:44,A0003,123.156819,32.343337,0.0,0,0,15,0,0,outside_200m_all_points
1939,2,1718875074000,2024-06-20,17:17:54,A0003,123.156823,32.343339,0.0,0,0,15,0,0,outside_200m_all_points
1939,2,1718875084000,2024-06-20,17:18:04,A0003,123.156828,32.343340999999995,0.0,0,0,15,0,0,outside_200m_all_points
1939,2,1718875094000,2024-06-20,17:18:14,A0003,123.156824,32.343335999999994,0.0,0,0,15,0,0,outside_200m_all_points
1939,3,1718875364000,2024-06-20,17:22:44,A0003,123.155796,32.344061999999994,3.3,0,101,14,1,1,outside_200m_all_points
1939,3,1718875374000,2024-06-20,17:22:54,A0003,123.155865,32.34417,7.9,5,0,14,0,1,outside_200m_all_points
1939,3,1718875384000,2024-06-20,17:23:04,A0003,123.15613799999998,32.344232,35.4,43,0,14,0,1,outside_200m_all_points
1939,3,1718875394000,2024-06-20,17:23:14,A0003,123.157164,32.343391999999994,50.1,8,0,14,0,0,outside_200m_all_points
1954,0,1718874485000,2024-06-20,17:08:05,A0003,123.157377,32.343289,58.0,23,0,14,0,1,outside_200m_all_points
1954,0,1718874515000,2024-06-20,17:08:35,A0003,123.155831,32.344237,5.0,16,0,14,0,1,outside_200m_all_points
1954,0,1718874635000,2024-06-20,17:10:35,A0003,123.155991,32.344312,15.0,28,0,14,0,1,outside_200m_all_points
2011,0,1718700763000,2024-06-18,16:52:43,A0003,123.150227,32.345012,55.0,0,101,14,1,0,outside_200m_all_points
2035,0,1718702974000,2024-06-18,17:29:34,A0003,123.152433,32.34764199999999,61.0,22,0,14,0,1,outside_200m_all_points
2044,1,1718702846000,2024-06-18,17:27:26,A0003,123.152432,32.349694,0.0,0,101,14,1,0,outside_200m_all_points
2044,1,1718702856000,2024-06-18,17:27:36,A0003,123.152432,32.349694,0.0,0,101,14,1,0,outside_200m_all_points
2078,1,1718702152000,2024-06-18,17:15:52,A0003,123.155888,32.344218,0.0,0,101,14,1,0,outside_200m_all_points
2078,1,1718702182000,2024-06-18,17:16:22,A0003,123.156952,32.343655,57.2,0,101,14,1,0,outside_200m_all_points
2085,1,1718702921000,2024-06-18,17:28:41,A0003,123.1564,32.34415799999999,49.0,0,0,0,0,0,outside_200m_all_points
2088,1,1718701459000,2024-06-18,17:04:19,A0003,123.155879,32.344189,5.0,0,101,14,1,0,outside_200m_all_points
2088,1,1718701489000,2024-06-18,17:04:49,A0003,123.157073,32.343518,37.0,21,0,14,0,1,outside_200m_all_points
2090,0,1718699456000,2024-06-18,16:30:56,A0003,123.157298,32.343453000000004,40.6,0,0,14,0,0,outside_200m_all_points
2090,0,1718699466000,2024-06-18,16:31:06,A0003,123.156908,32.343875,0.5,4,0,14,0,1,outside_200m_all_points
2090,0,1718699476000,2024-06-18,16:31:16,A0003,123.15704,32.34406,3.7,0,101,14,1,0,outside_200m_all_points
2127,0,1718958822000,2024-06-21,16:33:42,A0003,123.15268799999998,32.341605,0.0,0,0,0,0,0,outside_200m_all_points
2127,0,1718958849000,2024-06-21,16:34:09,A0003,123.152618,32.341662,0.0,0,0,0,1,0,outside_200m_all_points
2127,0,1718958877000,2024-06-21,16:34:37,A0003,123.152597,32.341665,0.0,0,0,0,1,0,outside_200m_all_points
2127,0,1718958905000,2024-06-21,16:35:05,A0003,123.152577,32.34166999999999,0.0,0,0,0,1,0,outside_200m_all_points
2127,0,1718958933000,2024-06-21,16:35:33,A0003,123.152577,32.341657999999995,0.0,0,0,0,1,0,outside_200m_all_points
2127,0,1718958961000,2024-06-21,16:36:01,A0003,123.152574,32.341649,0.0,0,0,0,1,0,outside_200m_all_points
2127,0,1718958989000,2024-06-21,16:36:29,A0003,123.152593,32.341668,1.5,0,101,13,1,1,outside_200m_all_points
2127,0,1718959017000,2024-06-21,16:36:57,A0003,123.152741,32.341609000000005,5.8,0,0,14,0,1,outside_200m_all_points
2152,0,1718699404000,2024-06-18,16:30:04,A0003,123.152445,32.349416999999995,22.9,0,101,14,1,0,outside_200m_all_points
2183,0,1718699412000,2024-06-18,16:30:12,A0003,123.152517,32.348153999999994,51.9,0,21,14,1,1,outside_200m_all_points
2183,0,1718699442000,2024-06-18,16:30:42,A0003,123.152422,32.349536,0.0,0,0,0,0,0,outside_200m_all_points
2186,0,1718616397000,2024-06-17,17:26:37,A0003,123.145428,32.344763,26.0,2,0,14,0,1,outside_200m_all_points
2186,0,1718616427000,2024-06-17,17:27:07,A0003,123.145784,32.344753000000004,0.0,0,0,14,0,0,outside_200m_all_points
2186,0,1718616457000,2024-06-17,17:27:37,A0003,123.145784,32.344753000000004,0.0,0,0,14,0,0,outside_200m_all_points
2186,0,1718616487000,2024-06-17,17:28:07,A0003,123.145784,32.344753000000004,0.0,0,0,14,0,0,outside_200m_all_points
2186,0,1718616517000,2024-06-17,17:28:37,A0003,123.145784,32.344753000000004,0.0,0,0,14,0,0,outside_200m_all_points
2186,0,1718616547000,2024-06-17,17:29:07,A0003,123.145784,32.344753000000004,0.0,0,0,14,0,0,outside_200m_all_points
2186,0,1718616577000,2024-06-17,17:29:37,A0003,123.145784,32.344753000000004,0.0,0,0,14,0,0,outside_200m_all_points
2215,1,1718613977000,2024-06-17,16:46:17,A0003,123.155819,32.344143,0.0,0,101,14,1,0,outside_200m_all_points
2215,1,1718614007000,2024-06-17,16:46:47,A0003,123.1559,32.344241,1.0,0,101,14,1,0,outside_200m_all_points
2272,0,1718616597000,2024-06-17,17:29:57,A0003,123.145383,32.34477699999999,67.6,18,0,14,0,1,outside_200m_all_points
2274,0,1718786875000,2024-06-19,16:47:55,A0003,123.157674,32.343169,0.0,0,101,14,1,1,outside_200m_all_points
2274,0,1718786885000,2024-06-19,16:48:05,A0003,123.157674,32.343169,0.0,0,101,14,1,1,outside_200m_all_points
2274,0,1718786895000,2024-06-19,16:48:15,A0003,123.157144,32.343154,34.7,23,0,14,1,1,outside_200m_all_points
2321,0,1718875799000,2024-06-20,17:29:59,A0003,123.150287,32.344987,62.3,0,14,14,1,0,outside_200m_all_points
2355,0,1718875799000,2024-06-20,17:29:59,A0003,123.152396,32.347587,61.0,0,0,14,0,0,outside_200m_all_points
2402,0,1718699404000,2024-06-18,16:30:04,A0003,123.152683,32.340491,33.9,19,0,14,0,1,outside_200m_all_points
2659,0,1718962196000,2024-06-21,17:29:56,A0003,123.145426,32.344811,59.0,19,0,14,0,1,outside_200m_all_points
2664,0,1718960362000,2024-06-21,16:59:22,A0003,123.155848,32.344192,4.4,0,1,14,1,1,outside_200m_all_points
2664,0,1718960372000,2024-06-21,16:59:32,A0003,123.155864,32.344204,0.0,0,1,14,1,1,outside_200m_all_points
2664,0,1718960382000,2024-06-21,16:59:42,A0003,123.155864,32.3442,0.0,0,1,14,1,1,outside_200m_all_points
2664,0,1718960392000,2024-06-21,16:59:52,A0003,123.155872,32.344213999999994,4.8,0,0,14,0,0,outside_200m_all_points
2664,0,1718960402000,2024-06-21,17:00:02,A0003,123.156184,32.344262,30.3,30,0,14,0,1,outside_200m_all_points
2664,0,1718960412000,2024-06-21,17:00:12,A0003,123.157144,32.34352199999999,54.3,24,0,14,0,1,outside_200m_all_points
2682,0,1718789147000,2024-06-19,17:25:47,A0003,123.15749,32.343181,38.0,0,0,14,0,0,outside_200m_all_points
2682,0,1718789157000,2024-06-19,17:25:57,A0003,123.156716,32.343956,29.0,0,0,14,0,0,outside_200m_all_points
2682,0,1718789167000,2024-06-19,17:26:07,A0003,123.15608799999998,32.344365999999994,14.0,0,101,14,1,0,outside_200m_all_points
2682,0,1718789177000,2024-06-19,17:26:17,A0003,123.155881,32.344263,9.0,10,0,14,0,1,outside_200m_all_points
2693,0,1718785821000,2024-06-19,16:30:21,A0003,123.152415,32.349492,48.0,25,0,14,0,1,outside_200m_all_points
2704,0,1718873379000,2024-06-20,16:49:39,A0003,123.152632,32.3429,73.0,22,0,14,0,1,outside_200m_all_points
2720,0,1718959720000,2024-06-21,16:48:40,A0003,123.152407,32.349659,17.0,0,0,14,0,0,outside_200m_all_points
2735,0,1718616598000,2024-06-17,17:29:58,A0003,123.14588700000002,32.344825,66.5,27,0,14,0,1,outside_200m_all_points
2755,0,1718613007000,2024-06-17,16:30:07,A0003,123.15251,32.347555,68.1,36,0,14,0,1,outside_200m_all_points
2755,0,1718613017000,2024-06-17,16:30:17,A0003,123.152425,32.34923,54.9,12,0,14,0,1,outside_200m_all_points
2774,0,1718872334000,2024-06-20,16:32:14,A0003,123.157557,32.343177000000004,0.0,0,101,14,1,0,outside_200m_all_points
2774,0,1718872364000,2024-06-20,16:32:44,A0003,123.157557,32.343176,0.0,0,101,14,1,0,outside_200m_all_points
2791,0,1718699761000,2024-06-18,16:36:01,A0003,123.157616,32.343177999999995,0.0,0,101,14,1,0,outside_200m_all_points
2791,0,1718699791000,2024-06-18,16:36:31,A0003,123.157609,32.343172,0.0,0,101,14,1,0,outside_200m_all_points
2791,0,1718699821000,2024-06-18,16:37:01,A0003,123.157622,32.343183999999994,0.0,0,101,14,1,0,outside_200m_all_points
2816,0,1718699401000,2024-06-18,16:30:01,A0003,123.156871,32.343757999999994,34.3,3,0,14,0,1,outside_200m_all_points
2816,0,1718699411000,2024-06-18,16:30:11,A0003,123.157434,32.343169,30.5,6,0,14,0,1,outside_200m_all_points
2823,0,1718958673000,2024-06-21,16:31:13,A0003,123.157098,32.343447999999995,4.3,0,0,14,1,1,outside_200m_all_points
2854,0,1718702988000,2024-06-18,17:29:48,A0003,123.152341,32.349556,60.0,20,0,14,0,1,outside_200m_all_points
2858,0,1718700245000,2024-06-18,16:44:05,A0003,123.157577,32.343169,33.5,33,0,14,1,1,outside_200m_all_points
2867,0,1718616183000,2024-06-17,17:23:03,A0003,123.157467,32.343188,26.9,0,0,14,0,0,outside_200m_all_points
2868,0,1718616594000,2024-06-17,17:29:54,A0003,123.148679,32.344941,69.9,32,0,14,0,1,outside_200m_all_points
2886,0,1718789250000,2024-06-19,17:27:30,A0003,123.157513,32.343209,27.2,6,0,14,0,1,outside_200m_all_points
2887,0,1718789299000,2024-06-19,17:28:19,A0003,123.156438,32.34405,29.7,22,0,14,0,1,outside_200m_all_points
