vehicle_id,seg_id,collectiontime,date,time_stamp,road_id,longitude,latitude,speed,acceleratorpedal,brakestatus,gearnum,havebrake,havedriver,end_time
7,0,1718788307000,2024-06-19,17:11:47,A0003,123.152151,32.345073,8.3,49.0,0,14,0,1,
7,0,1718788312000,2024-06-19,17:11:52,A0003,123.152507,32.345096000000005,35.1,21.0,0,14,0,1,
7,0,1718788317000,2024-06-19,17:11:57,A0003,123.15308,32.345108,39.3,8.0,0,14,0,1,
7,0,1718874965000,2024-06-20,17:16:05,A0003,123.152234,32.345078,9.0,43.0,0,14,0,1,
7,0,1718874970000,2024-06-20,17:16:10,A0003,123.152581,32.34509799999999,36.9,30.0,0,14,0,1,
7,0,1718874975000,2024-06-20,17:16:15,A0003,123.153233,32.345107,50.5,22.0,0,14,0,1,
13,0,1718787460000,2024-06-19,16:57:40,A0003,123.15217699999997,32.345096000000005,0.0,0.0,20,14,1,1,16:58:42
13,0,1718787532000,2024-06-19,16:58:52,A0003,123.152349,32.345105,21.3,35.0,0,14,1,1,
13,0,1718787543000,2024-06-19,16:59:03,A0003,123.153372,32.34512599999999,42.2,34.0,0,14,1,1,
21,0,1718787424000,2024-06-19,16:57:04,A0003,123.151594,32.345053,39.3,0.0,0,14,1,0,
21,0,1718787434000,2024-06-19,16:57:14,A0003,123.152613,32.345101,40.5,13.0,0,14,0,1,
21,0,1718787444000,2024-06-19,16:57:24,A0003,123.153663,32.345087,34.5,16.0,0,14,0,1,
28,0,1718615644000,2024-06-17,17:14:04,A0003,123.151859,32.345044,0.0,0.0,0,14,1,1,
28,0,1718615654000,2024-06-17,17:14:14,A0003,123.15236000000002,32.345084,26.6,11.0,0,14,1,1,
28,0,1718615664000,2024-06-17,17:14:24,A0003,123.153396,32.345099,37.5,8.0,0,14,1,1,
39,0,1718787744000,2024-06-19,17:02:24,A0003,123.1521804,32.345097,0.0,0.0,0,14,1,1,17:03:04
39,0,1718787794000,2024-06-19,17:03:14,A0003,123.152603,32.345119999999994,31.7,24.0,0,14,0,1,
39,0,1718787804000,2024-06-19,17:03:24,A0003,123.153836,32.345057000000004,64.8,49.0,0,14,0,1,
52,0,1718786750000,2024-06-19,16:45:50,A0003,123.153205,32.345245,0.0,30.0,10,14,1,1,
52,0,1718786760000,2024-06-19,16:46:00,A0003,123.152569,32.345223,36.9,23.0,0,14,0,1,
52,0,1718786770000,2024-06-19,16:46:10,A0003,123.151833,32.34518799999999,7.9,0.0,15,14,1,0,
65,0,1718786649000,2024-06-19,16:44:09,A0003,123.151795,32.345040999999995,38.1,0.0,0,14,0,0,
65,0,1718786654000,2024-06-19,16:44:14,A0003,123.152372,32.345071999999995,41.9,0.0,0,14,0,0,
65,0,1718786659000,2024-06-19,16:44:19,A0003,123.152999,32.345093,41.7,0.0,0,14,0,0,
65,0,1718961507000,2024-06-21,17:18:27,A0003,123.152002,32.345067,24.8,25.0,0,14,0,1,
65,0,1718961512000,2024-06-21,17:18:32,A0003,123.152474,32.345093,32.5,12.0,0,14,0,1,
65,0,1718961517000,2024-06-21,17:18:37,A0003,123.152943,32.345108999999994,30.8,0.0,0,14,0,0,
68,0,1718616570000,2024-06-17,17:29:30,A0003,123.1528,32.345142,16.5,0.0,0,14,0,0,
68,0,1718616580000,2024-06-17,17:29:40,A0003,123.152441,32.345115,18.0,11.0,0,14,0,1,
68,0,1718616590000,2024-06-17,17:29:50,A0003,123.151801,32.345104,25.0,18.0,0,14,0,1,
68,0,1718702441000,2024-06-18,17:20:41,A0003,123.152955,32.345203000000005,6.5,0.0,33,14,1,0,
68,0,1718702451000,2024-06-18,17:20:51,A0003,123.152413,32.345169,37.0,48.0,0,14,0,1,
68,0,1718702471000,2024-06-18,17:21:11,A0003,123.149486,32.34506,57.5,13.0,0,14,0,1,
69,0,1718788964000,2024-06-19,17:22:44,A0003,123.151053,32.345042,50.1,13.0,0,14,0,0,
69,0,1718788974000,2024-06-19,17:22:54,A0003,123.152352,32.345077,41.5,13.0,0,14,0,0,
69,0,1718788984000,2024-06-19,17:23:04,A0003,123.153529,32.345089,40.5,11.0,0,14,0,0,
71,0,1718962153000,2024-06-21,17:29:13,A0003,123.153314,32.345181,6.9,29.0,0,14,1,1,
71,0,1718962163000,2024-06-21,17:29:23,A0003,123.152733,32.345181,27.4,14.0,0,14,1,1,
71,0,1718962173000,2024-06-21,17:29:33,A0003,123.15173,32.34512599999999,44.7,18.0,0,14,1,1,
77,0,1718788335000,2024-06-19,17:12:15,A0003,123.151411,32.345023,44.9,31.0,0,14,0,1,
77,0,1718788345000,2024-06-19,17:12:25,A0003,123.152486,32.34507,36.9,32.0,0,14,0,1,
77,0,1718788355000,2024-06-19,17:12:35,A0003,123.15351499999998,32.34506,29.9,79.0,0,14,0,1,
77,0,1718962152000,2024-06-21,17:29:12,A0003,123.151915,32.345025,12.9,53.0,0,14,0,1,
77,0,1718962162000,2024-06-21,17:29:22,A0003,123.152505,32.345053,27.9,73.0,0,14,0,1,
77,0,1718962172000,2024-06-21,17:29:32,A0003,123.153521,32.345053,37.9,34.0,0,14,0,1,
82,0,1718785977000,2024-06-19,16:32:57,A0003,123.153116,32.345243,17.3,6.0,0,14,0,1,
82,0,1718785987000,2024-06-19,16:33:07,A0003,123.152382,32.345226999999994,31.0,13.0,0,14,0,1,
82,0,1718785997000,2024-06-19,16:33:17,A0003,123.151231,32.345178999999995,43.3,10.0,0,14,0,1,
87,0,1718787618000,2024-06-19,17:00:18,A0003,123.1528775,32.34518625,0.0,0.0,15,14,1,0,17:00:48
87,0,1718787658000,2024-06-19,17:00:58,A0003,123.152694,32.345178999999995,28.7,39.0,0,14,0,1,
87,0,1718787668000,2024-06-19,17:01:08,A0003,123.151479,32.345133000000004,49.2,27.0,0,14,0,1,
89,0,1718789245000,2024-06-19,17:27:25,A0003,123.153259,32.345162,21.1,0.0,14,14,1,0,
89,0,1718789255000,2024-06-19,17:27:35,A0003,123.152465,32.345155,26.3,0.0,0,14,0,0,
89,0,1718789265000,2024-06-19,17:27:45,A0003,123.151697,32.345123,9.2,0.0,59,14,1,0,
91,0,1718701120000,2024-06-18,16:58:40,A0003,123.152903,32.345215,0.0,0.0,53,14,1,0,
91,0,1718701130000,2024-06-18,16:58:50,A0003,123.152534,32.345194,50.0,32.0,0,14,0,1,
91,0,1718701140000,2024-06-18,16:59:00,A0003,123.150735,32.345113999999995,78.0,33.0,0,14,0,1,
91,0,1718788054000,2024-06-19,17:07:34,A0003,123.153284,32.345192999999995,22.0,24.0,0,14,0,1,
91,0,1718788064000,2024-06-19,17:07:44,A0003,123.152419,32.345173,36.0,14.0,0,14,0,1,
91,0,1718788074000,2024-06-19,17:07:54,A0003,123.15136,32.345128,43.0,27.0,0,14,0,1,
93,0,1718787029000,2024-06-19,16:50:29,A0003,123.153267,32.345251,28.0,16.0,0,14,0,1,
93,0,1718787039000,2024-06-19,16:50:39,A0003,123.152449,32.345232,26.5,0.0,0,14,1,0,
93,0,1718787049000,2024-06-19,16:50:49,A0003,123.152056,32.3452,6.1,4.0,0,14,0,1,
93,1,1718789369000,2024-06-19,17:29:29,A0003,123.151643,32.34503599999999,30.1,0.0,0,14,0,0,
93,1,1718789379000,2024-06-19,17:29:39,A0003,123.152556,32.345091,33.4,0.0,0,14,0,1,
93,1,1718789389000,2024-06-19,17:29:49,A0003,123.153429,32.345095,23.1,0.0,6,14,1,0,
103,0,1718787786000,2024-06-19,17:03:06,A0003,123.152257,32.345053,18.2,4.0,0,14,0,1,
103,0,1718787791000,2024-06-19,17:03:11,A0003,123.152646,32.345074999999994,35.6,15.0,0,14,0,1,
103,0,1718787796000,2024-06-19,17:03:16,A0003,123.153292,32.34508099999999,47.3,0.0,0,14,0,0,
107,0,1718786489000,2024-06-19,16:41:29,A0003,123.151502,32.345037,0.0,0.0,0,14,0,0,
107,0,1718786517000,2024-06-19,16:41:57,A0003,123.152687,32.345071999999995,32.4,13.0,0,14,0,1,
107,0,1718786545000,2024-06-19,16:42:25,A0003,123.155567,32.344559000000004,34.8,0.0,14,14,1,0,
107,0,1718872764000,2024-06-20,16:39:24,A0003,123.149603,32.344966,52.9,0.0,11,14,1,0,
107,0,1718872792000,2024-06-20,16:39:52,A0003,123.152535,32.345079,44.2,9.0,0,14,0,1,
107,0,1718872820000,2024-06-20,16:40:20,A0003,123.156382,32.344121,53.6,14.0,0,14,0,1,
120,0,1718614872000,2024-06-17,17:01:12,A0003,123.151754,32.34508099999999,19.0,54.0,0,14,0,1,
120,0,1718614882000,2024-06-17,17:01:22,A0003,123.15248,32.345119999999994,33.0,44.0,0,14,0,1,
120,0,1718614892000,2024-06-17,17:01:32,A0003,123.153512,32.345113,42.5,27.0,0,14,0,1,
122,0,1718789373000,2024-06-19,17:29:33,A0003,123.153417,32.345175999999995,30.7,2.0,0,14,1,0,
122,0,1718789383000,2024-06-19,17:29:43,A0003,123.152578,32.345186,13.5,11.0,0,14,1,0,
122,0,1718789393000,2024-06-19,17:29:53,A0003,123.151899,32.345158000000005,40.5,45.0,0,14,0,1,
124,0,1718787002000,2024-06-19,16:50:02,A0003,123.15293,32.34527,0.0,0.0,6,14,1,0,
124,0,1718787012000,2024-06-19,16:50:12,A0003,123.152378,32.345243999999994,42.5,52.0,0,14,0,1,
124,0,1718787022000,2024-06-19,16:50:22,A0003,123.15136499999998,32.345157,15.9,0.0,8,14,1,0,
146,0,1718786235000,2024-06-19,16:37:15,A0003,123.153307,32.345189000000005,4.1,17.0,0,14,0,1,
146,0,1718786245000,2024-06-19,16:37:25,A0003,123.15273700000002,32.345185,30.4,16.0,0,14,0,1,
146,0,1718786255000,2024-06-19,16:37:35,A0003,123.15213500000002,32.345164999999994,33.0,37.0,0,14,0,1,
153,0,1718788046000,2024-06-19,17:07:26,A0003,123.15296399999998,32.345202,4.1,0.0,0,14,1,1,
153,0,1718788056000,2024-06-19,17:07:36,A0003,123.152357,32.345175999999995,28.9,13.0,0,14,1,1,
153,0,1718788066000,2024-06-19,17:07:46,A0003,123.151372,32.345132,35.9,20.0,0,14,1,1,
154,0,1718787024000,2024-06-19,16:50:24,A0003,123.151905,32.34511,24.4,0.0,0,14,1,0,
154,0,1718787034000,2024-06-19,16:50:34,A0003,123.152706,32.345138,32.7,7.0,0,14,0,1,
154,0,1718787044000,2024-06-19,16:50:44,A0003,123.153801,32.345101,42.6,9.0,0,14,0,1,
154,0,1718873420000,2024-06-20,16:50:20,A0003,123.151732,32.34508,20.3,8.0,0,14,0,1,
154,0,1718873430000,2024-06-20,16:50:30,A0003,123.15246100000002,32.345097,42.4,42.0,0,14,0,1,
154,0,1718873440000,2024-06-20,16:50:40,A0003,123.15383,32.345046,45.8,20.0,0,14,0,1,
158,0,1718614122000,2024-06-17,16:48:42,A0003,123.1531091111111,32.345173,0.0555555555555555,0.0,19,14,1,1,16:50:05
158,0,1718614215000,2024-06-17,16:50:15,A0003,123.15272,32.345168,23.0,22.0,0,14,1,1,
158,0,1718614226000,2024-06-17,16:50:26,A0003,123.151986,32.345138,17.1,0.0,0,14,1,1,
158,0,1718874968000,2024-06-20,17:16:08,A0003,123.153003,32.345183,3.1,52.0,0,14,1,1,
158,0,1718874978000,2024-06-20,17:16:18,A0003,123.152343,32.345158000000005,36.2,27.0,0,14,1,1,
158,0,1718874988000,2024-06-20,17:16:28,A0003,123.15097,32.34509,49.2,35.0,0,14,1,1,
173,1,1718788963000,2024-06-19,17:22:43,A0003,123.151933,32.345067,17.5,12.0,0,14,1,1,
173,1,1718788973000,2024-06-19,17:22:53,A0003,123.152691,32.345099,28.7,7.0,0,14,1,1,
173,1,1718788983000,2024-06-19,17:23:03,A0003,123.153589,32.345091,27.3,0.0,0,14,1,0,
182,0,1718786838000,2024-06-19,16:47:18,A0003,123.152029,32.34511379999999,0.0,0.0,35,0,1,0,16:47:58
182,0,1718786888000,2024-06-19,16:48:08,A0003,123.152669,32.345149,41.9,0.0,2,14,1,0,
182,0,1718786898000,2024-06-19,16:48:18,A0003,123.153907,32.34508,52.8,19.0,2,14,0,1,
198,0,1718788565000,2024-06-19,17:16:05,A0003,123.151977,32.345113,0.0,0.0,101,14,1,0,
198,0,1718788575000,2024-06-19,17:16:15,A0003,123.152387,32.345123,31.5,20.0,0,14,0,1,
198,0,1718788585000,2024-06-19,17:16:25,A0003,123.153472,32.345135,40.4,10.0,0,14,0,1,
199,0,1718787897000,2024-06-19,17:04:57,A0003,123.15193166666666,32.34507633333333,0.0,0.0,0,14,1,1,17:05:17
199,0,1718787927000,2024-06-19,17:05:27,A0003,123.152342,32.34509,25.1,13.0,0,14,0,1,
199,0,1718787937000,2024-06-19,17:05:37,A0003,123.15336,32.345104,39.4,13.0,0,14,0,1,
218,0,1718788948000,2024-06-19,17:22:28,A0003,123.153028,32.3451915,0.0,0.0,10,14,1,1,17:22:38
218,0,1718788968000,2024-06-19,17:22:48,A0003,123.152398,32.345181999999994,32.2,22.0,0,14,0,1,
218,0,1718788978000,2024-06-19,17:22:58,A0003,123.151194,32.345147,45.6,34.0,0,14,0,1,
219,0,1718702183000,2024-06-18,17:16:23,A0003,123.153357,32.345218,17.6,19.0,255,14,0,1,
219,0,1718702193000,2024-06-18,17:16:33,A0003,123.152722,32.345220999999995,24.7,14.0,255,14,0,1,
219,0,1718702203000,2024-06-18,17:16:43,A0003,123.151948,32.345183,26.1,0.0,255,14,1,0,
219,0,1718788827000,2024-06-19,17:20:27,A0003,123.153186,32.345229,0.0,0.0,255,14,1,1,
219,0,1718788837000,2024-06-19,17:20:37,A0003,123.152681,32.345223,30.0,22.0,255,14,0,1,
219,0,1718788847000,2024-06-19,17:20:47,A0003,123.151591,32.345161,43.4,29.0,255,14,0,1,
219,0,1718961433000,2024-06-21,17:17:13,A0003,123.1530425714286,32.345229857142854,0.0142857142857142,0.0,255,14,1,1,17:18:13
219,0,1718961503000,2024-06-21,17:18:23,A0003,123.152609,32.345213,35.5,31.0,255,14,0,1,
219,0,1718961513000,2024-06-21,17:18:33,A0003,123.151399,32.345164999999994,37.5,18.0,255,14,0,1,
226,1,1718789321000,2024-06-19,17:28:41,A0003,123.1520295,32.34509275,0.0,0.0,0,14,1,0,17:29:11
226,1,1718789361000,2024-06-19,17:29:21,A0003,123.152438,32.345102999999995,25.2,22.0,0,14,0,1,
226,1,1718789371000,2024-06-19,17:29:31,A0003,123.153475,32.345116,42.4,59.0,0,14,0,1,
237,0,1718702296000,2024-06-18,17:18:16,A0003,123.15331100000002,32.345135,0.0,0.0,0,14,0,1,17:18:16
237,0,1718702306000,2024-06-18,17:18:26,A0003,123.152574,32.345124,40.8,0.0,0,14,0,1,
237,0,1718702316000,2024-06-18,17:18:36,A0003,123.151134,32.34508,57.4,0.0,0,14,0,1,
237,0,1718788823000,2024-06-19,17:20:23,A0003,123.153291,32.345153999999994,2.0,0.0,0,14,0,1,
237,0,1718788833000,2024-06-19,17:20:33,A0003,123.152539,32.345136999999994,39.2,0.0,0,14,0,1,
237,0,1718788843000,2024-06-19,17:20:43,A0003,123.151389,32.34508,48.2,0.0,0,14,0,1,
237,0,1718875351000,2024-06-20,17:22:31,A0003,123.153195,32.345136999999994,0.6,0.0,0,14,1,1,17:22:41
237,0,1718875371000,2024-06-20,17:22:51,A0003,123.152587,32.345125,42.8,0.0,0,14,0,1,
237,0,1718875381000,2024-06-20,17:23:01,A0003,123.151139,32.345055,58.7,0.0,0,14,0,1,
246,0,1718788436000,2024-06-19,17:13:56,A0003,123.152877,32.345163,10.6,89.0,0,14,0,1,
246,0,1718788441000,2024-06-19,17:14:01,A0003,123.152483,32.34514299999999,34.9,45.0,0,14,0,1,
246,0,1718788446000,2024-06-19,17:14:06,A0003,123.15184,32.345113,51.1,40.0,0,14,0,1,
254,0,1718787356000,2024-06-19,16:55:56,A0003,123.1520502,32.345063,0.06,0.0,21,14,1,0,16:56:36
254,0,1718787406000,2024-06-19,16:56:46,A0003,123.152591,32.345089,38.1,16.0,0,14,0,1,
254,0,1718787416000,2024-06-19,16:56:56,A0003,123.153829,32.345051999999995,46.9,19.0,0,14,0,1,
256,0,1718700230000,2024-06-18,16:43:50,A0003,123.152952,32.345222,14.5,15.0,0,14,0,1,
256,0,1718700235000,2024-06-18,16:43:55,A0003,123.152617,32.345213,28.2,10.0,0,14,0,1,
256,0,1718700240000,2024-06-18,16:44:00,A0003,123.15221,32.345191,30.1,11.0,0,14,0,1,
256,0,1718875518000,2024-06-20,17:25:18,A0003,123.15306499999998,32.345196,34.2,14.0,0,14,0,1,
256,0,1718875523000,2024-06-20,17:25:23,A0003,123.152543,32.345175,35.6,0.0,0,14,0,0,
256,0,1718875528000,2024-06-20,17:25:28,A0003,123.152109,32.345158999999995,29.1,11.0,0,14,0,1,
259,1,1718786759000,2024-06-19,16:45:59,A0003,123.153509,32.34521599999999,16.8,20.0,0,14,0,1,
259,1,1718786769000,2024-06-19,16:46:09,A0003,123.152677,32.345186,38.4,19.0,0,14,0,1,
259,1,1718786779000,2024-06-19,16:46:19,A0003,123.152138,32.345217,8.6,0.0,101,14,1,0,
266,1,1718789219000,2024-06-19,17:26:59,A0003,123.152039,32.345112,4.1,23.0,0,14,0,1,
266,1,1718789229000,2024-06-19,17:27:09,A0003,123.152667,32.345136999999994,35.8,25.0,0,14,0,1,
266,1,1718789239000,2024-06-19,17:27:19,A0003,123.153804,32.345078,41.7,25.0,0,14,0,1,
275,0,1718787790000,2024-06-19,17:03:10,A0003,123.152755,32.345195000000004,33.9,31.0,0,14,1,1,
275,0,1718787791000,2024-06-19,17:03:11,A0003,123.152664,32.345191,38.2,23.0,0,14,1,1,
275,0,1718787792000,2024-06-19,17:03:12,A0003,123.15256,32.345186,42.1,35.0,0,14,1,1,
275,0,1718787793000,2024-06-19,17:03:13,A0003,123.152445,32.34518,47.1,31.0,0,14,1,1,
275,0,1718787794000,2024-06-19,17:03:14,A0003,123.152318,32.345172,50.4,26.0,0,14,1,1,
296,0,1718787049000,2024-06-19,16:50:49,A0003,123.15220088888888,32.345111555555555,0.3111111111111111,0.0,13,14,1,0,16:52:09
296,0,1718787139000,2024-06-19,16:52:19,A0003,123.152328,32.345116,22.9,32.0,0,14,0,1,
296,0,1718787149000,2024-06-19,16:52:29,A0003,123.153098,32.345136,22.2,0.0,0,14,1,0,
297,0,1718873139000,2024-06-20,16:45:39,A0003,123.1530495,32.34518,1.25,2.0,0,14,0,1,16:45:49
297,0,1718873159000,2024-06-20,16:45:59,A0003,123.152433,32.345167000000004,37.0,27.0,0,14,0,1,
297,0,1718873169000,2024-06-20,16:46:09,A0003,123.15162,32.345149,7.7,0.0,0,14,0,0,
301,0,1718701397000,2024-06-18,17:03:17,A0003,123.153305,32.345219,14.0,23.0,0,14,0,1,
301,0,1718701407000,2024-06-18,17:03:27,A0003,123.152712,32.34521599999999,40.0,45.0,0,14,0,1,
301,0,1718701417000,2024-06-18,17:03:37,A0003,123.151884,32.345175,26.0,0.0,0,14,0,0,
301,0,1718787528000,2024-06-19,16:58:48,A0003,123.153052,32.345217,4.0,4.0,0,14,0,1,
301,0,1718787538000,2024-06-19,16:58:58,A0003,123.152469,32.345195000000004,37.0,18.0,0,14,0,1,
301,0,1718787548000,2024-06-19,16:59:08,A0003,123.151311,32.345136,48.0,14.0,0,14,0,1,
301,0,1718960723000,2024-06-21,17:05:23,A0003,123.153281,32.345186,7.0,36.0,0,14,0,1,
301,0,1718960733000,2024-06-21,17:05:33,A0003,123.15269,32.345175999999995,37.0,20.0,0,14,0,1,
301,0,1718960743000,2024-06-21,17:05:43,A0003,123.151618,32.345134,48.0,15.0,0,14,0,1,
314,0,1718788319000,2024-06-19,17:11:59,A0003,123.153175,32.345226000000004,12.7,0.0,0,14,0,1,
314,0,1718788329000,2024-06-19,17:12:09,A0003,123.152506,32.34521599999999,21.2,0.0,0,14,1,0,
314,0,1718788339000,2024-06-19,17:12:19,A0003,123.151717,32.345189000000005,41.6,0.0,0,14,0,1,
318,0,1718788292000,2024-06-19,17:11:32,A0003,123.151857,32.345033,3.7,0.0,12,14,1,0,
318,0,1718788320000,2024-06-19,17:12:00,A0003,123.152469,32.345071999999995,36.8,0.0,0,14,0,0,
318,0,1718788348000,2024-06-19,17:12:28,A0003,123.156505,32.344016,65.0,7.0,0,14,0,1,
322,0,1718789094000,2024-06-19,17:24:54,A0003,123.15138799999998,32.345023999999995,26.5,21.0,0,14,0,1,
322,0,1718789104000,2024-06-19,17:25:04,A0003,123.152377,32.345084,43.5,30.0,0,14,0,1,
322,0,1718789114000,2024-06-19,17:25:14,A0003,123.15363700000002,32.345074,44.2,31.0,0,14,0,1,
328,0,1718789372000,2024-06-19,17:29:32,A0003,123.152001,32.34506,34.2,0.0,0,14,0,0,
328,0,1718789377000,2024-06-19,17:29:37,A0003,123.152584,32.345091,40.4,0.0,0,14,0,0,
328,0,1718789382000,2024-06-19,17:29:42,A0003,123.153126,32.345102999999995,36.2,18.0,0,14,0,1,
340,0,1718874906000,2024-06-20,17:15:06,A0003,123.15214514285717,32.34506771428571,0.0,0.0,21,14,1,1,17:16:06
340,0,1718874976000,2024-06-20,17:16:16,A0003,123.152552,32.345091,35.4,31.0,0,14,0,1,
340,0,1718874986000,2024-06-20,17:16:26,A0003,123.153787,32.345095,46.0,31.0,0,14,0,1,
345,0,1718616083000,2024-06-17,17:21:23,A0003,123.152112125,32.345074375,0.0,0.0,49,14,1,0,17:22:33
345,0,1718616163000,2024-06-17,17:22:43,A0003,123.152627,32.345105,41.0,24.0,0,14,0,1,
345,0,1718616173000,2024-06-17,17:22:53,A0003,123.154012,32.34505,62.0,39.0,0,14,0,1,
345,0,1718789160000,2024-06-19,17:26:00,A0003,123.15216416666664,32.345081666666665,0.0,0.0,46,14,1,0,17:26:50
345,0,1718789220000,2024-06-19,17:27:00,A0003,123.152328,32.345091999999994,29.0,32.0,0,14,0,1,
345,0,1718789230000,2024-06-19,17:27:10,A0003,123.153582,32.345102000000004,56.0,29.0,0,14,0,1,
345,0,1718875289000,2024-06-20,17:21:29,A0003,123.152082125,32.345026000000004,0.0,0.0,46,14,1,0,17:22:39
345,0,1718875369000,2024-06-20,17:22:49,A0003,123.152706,32.345056,49.0,30.0,0,14,0,1,
345,0,1718875379000,2024-06-20,17:22:59,A0003,123.15438799999998,32.344959,59.0,0.0,0,14,0,1,
350,0,1718786735000,2024-06-19,16:45:35,A0003,123.154073,32.345129,32.9,6.0,0,14,0,1,
350,0,1718786765000,2024-06-19,16:46:05,A0003,123.15263,32.345187,31.3,21.0,0,14,0,1,
350,0,1718786795000,2024-06-19,16:46:35,A0003,123.150737,32.345094,44.8,0.0,0,14,0,0,
358,0,1718786935000,2024-06-19,16:48:55,A0003,123.151995,32.3451,0.0,0.0,101,14,1,0,16:50:05
358,0,1718787015000,2024-06-19,16:50:15,A0003,123.152356,32.345123,27.3,9.0,0,14,0,1,
358,0,1718787025000,2024-06-19,16:50:25,A0003,123.153233,32.345136999999994,34.8,9.0,0,14,0,1,
360,0,1718787786000,2024-06-19,17:03:06,A0003,123.152957,32.345260999999994,0.0,0.0,255,14,1,0,
360,0,1718787796000,2024-06-19,17:03:16,A0003,123.152531,32.345245,41.8,39.0,255,14,1,0,
360,0,1718787806000,2024-06-19,17:03:26,A0003,123.151113,32.345189000000005,52.5,26.0,255,14,1,0,
369,0,1718961270000,2024-06-21,17:14:30,A0003,123.15193,32.345108,18.9,0.0,1,14,0,0,
369,0,1718961280000,2024-06-21,17:14:40,A0003,123.152691,32.345141,34.7,11.0,0,14,0,0,
369,0,1718961290000,2024-06-21,17:14:50,A0003,123.153722,32.345125,42.8,42.0,0,14,0,1,
371,0,1718786377000,2024-06-19,16:39:37,A0003,123.153573,32.345153999999994,21.6,25.0,0,14,1,1,
371,0,1718786387000,2024-06-19,16:39:47,A0003,123.152677,32.345162,40.4,7.0,0,14,1,1,
371,0,1718786397000,2024-06-19,16:39:57,A0003,123.151551,32.345113999999995,43.6,15.0,0,14,1,1,
376,0,1718785851000,2024-06-19,16:30:51,A0003,123.153614,32.345186,56.4,37.0,0,14,1,1,
376,0,1718785861000,2024-06-19,16:31:01,A0003,123.152331,32.345192999999995,29.5,0.0,17,14,1,0,
376,0,1718785871000,2024-06-19,16:31:11,A0003,123.151859,32.345206,10.1,45.0,0,14,1,1,
395,0,1718614013000,2024-06-17,16:46:53,A0003,123.15200214285714,32.34505614285714,0.0,0.0,20,14,1,0,16:47:53
395,0,1718614083000,2024-06-17,16:48:03,A0003,123.15246,32.345076,38.2,34.0,0,14,0,1,
395,0,1718614093000,2024-06-17,16:48:13,A0003,123.153892,32.345055,57.1,32.0,0,14,0,1,
395,0,1718699701000,2024-06-18,16:35:01,A0003,123.151536,32.345063,34.7,20.0,0,14,0,1,
395,0,1718699711000,2024-06-18,16:35:11,A0003,123.152703,32.345113999999995,49.3,10.0,0,14,0,1,
395,0,1718699721000,2024-06-18,16:35:21,A0003,123.15416299999998,32.345029,59.4,24.0,0,14,0,1,
395,0,1718959683000,2024-06-21,16:48:03,A0003,123.151917,32.345068999999995,4.5,0.0,5,14,1,1,
395,0,1718959693000,2024-06-21,16:48:13,A0003,123.152723,32.345116,43.5,19.0,0,14,0,1,
395,0,1718959703000,2024-06-21,16:48:23,A0003,123.154109,32.345040999999995,50.1,22.0,0,14,0,1,
398,0,1718788163000,2024-06-19,17:09:23,A0003,123.150789,32.345038,43.3,0.0,0,14,0,0,
398,0,1718788191000,2024-06-19,17:09:51,A0003,123.152404,32.345101,39.5,28.0,0,14,0,1,
398,0,1718788219000,2024-06-19,17:10:19,A0003,123.156302,32.344151999999994,67.6,45.0,0,14,0,1,
398,0,1718874183000,2024-06-20,17:03:03,A0003,123.147349,32.344837,68.8,26.0,0,14,0,1,
398,0,1718874211000,2024-06-20,17:03:31,A0003,123.152411,32.345076,52.1,11.0,0,14,0,1,
398,0,1718874239000,2024-06-20,17:03:59,A0003,123.156374,32.344117999999995,52.4,30.0,0,14,0,1,
398,0,1718960316000,2024-06-21,16:58:36,A0003,123.151742,32.345044,0.0,0.0,13,14,1,0,16:58:36
398,0,1718960344000,2024-06-21,16:59:04,A0003,123.152491,32.345094,39.4,26.0,0,14,0,1,
398,0,1718960372000,2024-06-21,16:59:32,A0003,123.155706,32.344541,38.8,7.0,0,14,0,1,
418,0,1718700096000,2024-06-18,16:41:36,A0003,123.153159,32.345226000000004,14.4,22.0,0,14,0,1,
418,0,1718700106000,2024-06-18,16:41:46,A0003,123.152601,32.345219,30.2,35.0,0,14,0,1,
418,0,1718700106000,2024-06-18,16:41:46,A0003,123.152601,32.345219,30.2,35.0,0,14,0,1,
418,0,1718700116000,2024-06-18,16:41:56,A0003,123.151481,32.345158000000005,35.0,0.0,0,14,0,0,
422,0,1718789081000,2024-06-19,17:24:41,A0003,123.15348,32.345256,0.4,0.0,101,14,1,0,
422,0,1718789112000,2024-06-19,17:25:12,A0003,123.152664,32.345279999999995,24.7,25.0,0,14,0,1,
422,0,1718789142000,2024-06-19,17:25:42,A0003,123.14928799999998,32.345144,51.6,10.0,0,14,0,1,
443,0,1718875757000,2024-06-20,17:29:17,A0003,123.151875,32.345093,21.1,48.0,0,14,0,1,
443,0,1718875767000,2024-06-20,17:29:27,A0003,123.152741,32.345133000000004,44.0,16.0,0,14,0,1,
443,0,1718875777000,2024-06-20,17:29:37,A0003,123.153943,32.345096000000005,36.5,0.0,0,14,0,1,
445,0,1718873339000,2024-06-20,16:48:59,A0003,123.1521095,32.345060125,0.0,0.0,16,14,1,1,16:50:09
445,0,1718873419000,2024-06-20,16:50:19,A0003,123.152417,32.345061,30.5,16.0,0,14,0,1,
445,0,1718873429000,2024-06-20,16:50:29,A0003,123.153371,32.345074,35.0,20.0,0,14,0,1,
456,0,1718873092000,2024-06-20,16:44:52,A0003,123.152952,32.345212,0.0,0.0,101,14,1,0,16:45:22
456,0,1718873152000,2024-06-20,16:45:52,A0003,123.152715,32.345203000000005,31.0,22.0,0,14,0,1,
456,0,1718873182000,2024-06-20,16:46:22,A0003,123.150395,32.345085,60.0,25.0,0,14,0,1,
465,0,1718616169000,2024-06-17,17:22:49,A0003,123.153283,32.34516,24.7,10.0,0,14,1,0,
465,0,1718616179000,2024-06-17,17:22:59,A0003,123.152363,32.345135,31.4,19.0,0,14,0,1,
465,0,1718616189000,2024-06-17,17:23:09,A0003,123.151253,32.34509,45.9,33.0,0,14,0,1,
465,0,1718962019000,2024-06-21,17:26:59,A0003,123.153234,32.345187,0.0,0.0,0,14,0,1,
465,0,1718962029000,2024-06-21,17:27:09,A0003,123.15266499999998,32.345175,38.6,25.0,0,14,0,1,
465,0,1718962039000,2024-06-21,17:27:19,A0003,123.151401,32.345091,51.1,22.0,0,14,0,1,
469,0,1718700963000,2024-06-18,16:56:03,A0003,123.152094,32.345037999999995,0.375,0.0,0,14,1,1,16:56:33
469,0,1718701003000,2024-06-18,16:56:43,A0003,123.152577,32.345061,33.5,0.0,0,14,0,1,
469,0,1718701013000,2024-06-18,16:56:53,A0003,123.153692,32.345042,42.3,0.0,0,14,0,1,
493,1,1718873931000,2024-06-20,16:58:51,A0003,123.152085,32.345078,10.1,21.0,0,14,0,1,
493,1,1718873941000,2024-06-20,16:59:01,A0003,123.152627,32.345125,28.2,11.0,0,14,0,1,
493,1,1718873951000,2024-06-20,16:59:11,A0003,123.15348,32.345115,42.5,31.0,0,14,0,1,
508,2,1718960201000,2024-06-21,16:56:41,A0003,123.15206200000002,32.345104,13.0,20.0,0,14,1,1,
508,2,1718960211000,2024-06-21,16:56:51,A0003,123.152738,32.345122,29.5,16.0,0,14,1,1,
508,2,1718960221000,2024-06-21,16:57:01,A0003,123.153746,32.34508099999999,41.1,24.0,0,14,1,1,
517,1,1718789360000,2024-06-19,17:29:20,A0003,123.153182,32.34525,18.5,0.0,0,14,0,0,
517,1,1718789370000,2024-06-19,17:29:30,A0003,123.152382,32.345225,19.0,0.0,18,14,1,0,
517,1,1718789380000,2024-06-19,17:29:40,A0003,123.151767,32.345195000000004,37.8,13.0,0,14,0,1,
517,0,1718962146000,2024-06-21,17:29:06,A0003,123.152915,32.345257000000004,15.7,34.0,0,14,0,1,
517,0,1718962156000,2024-06-21,17:29:16,A0003,123.152357,32.345234999999995,16.8,0.0,11,14,1,0,
517,0,1718962166000,2024-06-21,17:29:26,A0003,123.151702,32.345203000000005,29.8,27.0,0,14,0,1,
518,0,1718874788000,2024-06-20,17:13:08,A0003,123.15317600000002,32.34519216666666,0.0,0.0,6,14,1,1,17:13:58
518,0,1718874848000,2024-06-20,17:14:08,A0003,123.152559,32.345172,41.1,55.0,0,14,0,1,
518,0,1718874858000,2024-06-20,17:14:18,A0003,123.15113,32.345127000000005,53.2,36.0,0,14,0,1,
521,0,1718875765000,2024-06-20,17:29:25,A0003,123.151317,32.345038,34.5,16.0,0,14,0,1,
521,0,1718875775000,2024-06-20,17:29:35,A0003,123.152472,32.345087,41.6,2.0,0,14,1,0,
521,0,1718875785000,2024-06-20,17:29:45,A0003,123.153778,32.34507,37.9,0.0,6,14,1,0,
524,0,1718873879000,2024-06-20,16:57:59,A0003,123.15214,32.345078,0.0,0.0,101,14,1,1,16:58:39
524,0,1718873929000,2024-06-20,16:58:49,A0003,123.15255,32.345107,41.0,37.0,0,14,0,1,
524,0,1718873939000,2024-06-20,16:58:59,A0003,123.1541,32.345033,60.6,32.0,0,14,0,1,
527,0,1718872559000,2024-06-20,16:35:59,A0003,123.15220899999998,32.345091999999994,0.0285714285714285,0.0,11,14,1,1,16:36:59
527,0,1718872629000,2024-06-20,16:37:09,A0003,123.152615,32.345111,56.4,0.0,0,14,1,0,
527,0,1718872639000,2024-06-20,16:37:19,A0003,123.153807,32.344994,13.1,0.0,14,14,1,0,
529,0,1718873740000,2024-06-20,16:55:40,A0003,123.152136,32.345054,0.0,0.0,101,14,1,0,16:56:30
529,0,1718873800000,2024-06-20,16:56:40,A0003,123.152581,32.34508099999999,33.5,21.0,0,14,0,1,
529,0,1718873810000,2024-06-20,16:56:50,A0003,123.153861,32.345042,54.2,30.0,0,14,0,1,
533,0,1718613744000,2024-06-17,16:42:24,A0003,123.1521459375,32.34505,0.0,1.1875,0,14,0,0,16:43:39
533,0,1718613824000,2024-06-17,16:43:44,A0003,123.152421,32.34506,31.6,26.0,0,14,0,1,
533,0,1718613829000,2024-06-17,16:43:49,A0003,123.153067,32.345113999999995,56.1,19.0,0,14,0,1,
533,0,1718699959000,2024-06-18,16:39:19,A0003,123.15223799999998,32.345088,21.6,23.0,0,14,0,1,
533,0,1718699964000,2024-06-18,16:39:24,A0003,123.152662,32.345111,34.8,3.0,0,14,0,1,
533,0,1718699969000,2024-06-18,16:39:29,A0003,123.153234,32.345117,42.1,18.0,0,14,0,1,
533,0,1718786641000,2024-06-19,16:44:01,A0003,123.151828,32.34507,52.9,12.0,0,14,0,1,
533,0,1718786646000,2024-06-19,16:44:06,A0003,123.152527,32.3451,49.3,29.0,0,14,0,1,
533,0,1718786651000,2024-06-19,16:44:11,A0003,123.153354,32.345108,60.4,14.0,0,14,0,1,
533,0,1718873441000,2024-06-20,16:50:41,A0003,123.152134,32.345077,34.1,19.0,0,14,0,1,
533,0,1718873446000,2024-06-20,16:50:46,A0003,123.152711,32.345102999999995,44.9,16.0,0,14,0,1,
533,0,1718873451000,2024-06-20,16:50:51,A0003,123.153399,32.345101,45.5,15.0,0,14,0,1,
563,0,1718873480000,2024-06-20,16:51:20,A0003,123.15293083333331,32.3451435,0.0,0.0,101,14,0,0,16:52:10
563,0,1718873540000,2024-06-20,16:52:20,A0003,123.152344,32.345121,49.1,20.0,0,14,0,1,
563,0,1718873550000,2024-06-20,16:52:30,A0003,123.150727,32.345059,64.7,23.0,0,14,0,1,
565,0,1718958631000,2024-06-21,16:30:31,A0003,123.151741,32.345094,3.8,22.0,0,14,1,1,
565,0,1718958641000,2024-06-21,16:30:41,A0003,123.152416,32.345111,36.2,33.0,0,14,1,1,
565,0,1718958651000,2024-06-21,16:30:51,A0003,123.153676,32.345063999999994,37.1,22.0,0,14,1,1,
570,0,1718699901000,2024-06-18,16:38:21,A0003,123.152089,32.34509,0.0,0.0,0,14,0,0,16:39:11
570,0,1718699961000,2024-06-18,16:39:21,A0003,123.15243,32.345102999999995,30.8,25.0,0,14,0,1,
570,0,1718699971000,2024-06-18,16:39:31,A0003,123.153622,32.345095,48.2,30.0,0,14,0,1,
577,0,1718873545000,2024-06-20,16:52:25,A0003,123.151696,32.345055,3.2,25.0,0,14,0,1,
577,0,1718873555000,2024-06-20,16:52:35,A0003,123.152325,32.345088,37.6,33.0,0,14,0,1,
577,0,1718873565000,2024-06-20,16:52:45,A0003,123.153553,32.345101,48.4,31.0,0,14,0,1,
577,0,1718961564000,2024-06-21,17:19:24,A0003,123.152186,32.34506371428571,0.0,0.0,0,14,0,0,17:20:24
577,0,1718961634000,2024-06-21,17:20:34,A0003,123.152637,32.34509,42.1,30.0,0,14,0,1,
577,0,1718961644000,2024-06-21,17:20:44,A0003,123.154046,32.345057000000004,58.3,34.0,0,14,0,1,
582,0,1718872503000,2024-06-20,16:35:03,A0003,123.153242,32.345237,13.2,0.0,0,14,0,0,
582,0,1718872513000,2024-06-20,16:35:13,A0003,123.15258500000002,32.345228000000006,39.8,24.0,0,14,0,1,
582,0,1718872523000,2024-06-20,16:35:23,A0003,123.1512,32.345125,59.0,27.0,0,14,0,1,
590,0,1718699581000,2024-06-18,16:33:01,A0003,123.153352,32.345187,16.0,13.0,0,14,1,1,
590,0,1718699591000,2024-06-18,16:33:11,A0003,123.152524,32.345161,36.2,11.0,0,14,1,1,
590,0,1718699601000,2024-06-18,16:33:21,A0003,123.151441,32.345135,35.3,22.0,0,14,1,1,
590,0,1718873150000,2024-06-20,16:45:50,A0003,123.15189,32.345043,6.2,22.0,0,14,1,1,
590,0,1718873160000,2024-06-20,16:46:00,A0003,123.152738,32.34509799999999,39.3,0.0,0,14,1,0,
590,0,1718873170000,2024-06-20,16:46:10,A0003,123.153973,32.345046,48.0,29.0,0,14,1,1,
596,0,1718872895000,2024-06-20,16:41:35,A0003,123.151958,32.345035,4.7,30.0,0,14,0,1,
596,0,1718872905000,2024-06-20,16:41:45,A0003,123.152661,32.345074,32.6,24.0,0,14,0,1,
596,0,1718872915000,2024-06-20,16:41:55,A0003,123.153898,32.345029,50.2,35.0,0,14,0,1,
597,0,1718872522000,2024-06-20,16:35:22,A0003,123.153158,32.345175,23.4,7.0,0,14,0,1,
597,0,1718872532000,2024-06-20,16:35:32,A0003,123.15237,32.345167000000004,28.0,0.0,0,14,0,0,
597,0,1718872542000,2024-06-20,16:35:42,A0003,123.15138799999998,32.345124,33.0,0.0,4,14,1,0,
598,0,1718874440000,2024-06-20,17:07:20,A0003,123.153837,32.345142,18.0,0.0,0,14,0,0,
598,0,1718874470000,2024-06-20,17:07:50,A0003,123.152608,32.345181999999994,41.0,35.0,0,14,0,1,
598,0,1718874500000,2024-06-20,17:08:20,A0003,123.147751,32.34497399999999,63.0,13.0,0,14,0,1,
628,0,1718873743000,2024-06-20,16:55:43,A0003,123.15300916666668,32.3451795,0.0,0.0,0,14,1,0,16:56:33
628,0,1718873803000,2024-06-20,16:56:43,A0003,123.152693,32.345172,31.4,29.0,0,14,0,1,
628,0,1718873813000,2024-06-20,16:56:53,A0003,123.151538,32.345146,45.8,24.0,0,14,0,1,
630,0,1718873271000,2024-06-20,16:47:51,A0003,123.152933,32.345192,0.0,0.0,34,14,1,0,
630,0,1718873281000,2024-06-20,16:48:01,A0003,123.15274,32.345181999999994,40.3,39.0,0,14,0,1,
630,0,1718873291000,2024-06-20,16:48:11,A0003,123.151697,32.345136999999994,15.1,0.0,10,14,1,0,
634,0,1718875752000,2024-06-20,17:29:12,A0003,123.151884,32.345063999999994,3.2,9.0,0,14,0,1,
634,0,1718875762000,2024-06-20,17:29:22,A0003,123.152586,32.345095,37.3,41.0,0,14,0,0,
634,0,1718875772000,2024-06-20,17:29:32,A0003,123.153804,32.345074999999994,32.2,44.0,0,14,0,0,
635,0,1718873416000,2024-06-20,16:50:16,A0003,123.151826,32.345063999999994,11.8,20.0,0,14,0,1,
635,0,1718873426000,2024-06-20,16:50:26,A0003,123.152467,32.3451,29.4,14.0,0,14,0,1,
635,0,1718873426000,2024-06-20,16:50:26,A0003,123.152467,32.3451,29.4,14.0,0,14,0,1,
635,0,1718873436000,2024-06-20,16:50:36,A0003,123.153403,32.345112,33.1,17.0,0,14,0,1,
639,0,1718874859000,2024-06-20,17:14:19,A0003,123.151639,32.345063999999994,25.7,15.0,0,14,0,1,
639,0,1718874869000,2024-06-20,17:14:29,A0003,123.152539,32.345105,36.3,13.0,0,14,0,1,
639,0,1718874879000,2024-06-20,17:14:39,A0003,123.153718,32.345091999999994,45.4,31.0,0,14,0,1,
658,0,1718874972000,2024-06-20,17:16:12,A0003,123.153259,32.345141,11.2,24.0,0,14,0,1,
658,0,1718874982000,2024-06-20,17:16:22,A0003,123.152657,32.34515,26.8,17.0,0,14,0,1,
658,0,1718874992000,2024-06-20,17:16:32,A0003,123.151703,32.345102000000004,45.2,5.0,0,14,0,1,
658,1,1718875672000,2024-06-20,17:27:52,A0003,123.152121375,32.345132125000006,0.0,0.0,101,14,0,0,17:29:02
658,1,1718875752000,2024-06-20,17:29:12,A0003,123.152475,32.345138,27.8,14.0,0,14,0,1,
658,1,1718875762000,2024-06-20,17:29:22,A0003,123.153529,32.345141,38.8,16.0,0,14,0,1,
659,0,1718959550000,2024-06-21,16:45:50,A0003,123.153128,32.345192999999995,7.4,29.0,0,14,0,1,
659,0,1718959560000,2024-06-21,16:46:00,A0003,123.152524,32.345175,29.9,15.0,0,14,0,1,
659,0,1718959570000,2024-06-21,16:46:10,A0003,123.151777,32.345136999999994,13.4,0.0,101,14,0,0,
672,0,1718875383000,2024-06-20,17:23:03,A0003,123.153595,32.345149,27.6,29.0,0,14,0,1,
672,0,1718875393000,2024-06-20,17:23:13,A0003,123.152621,32.345153999999994,41.7,18.0,0,14,0,1,
672,0,1718875403000,2024-06-20,17:23:23,A0003,123.151711,32.345116,26.2,21.0,0,14,0,1,
679,0,1718701792000,2024-06-18,17:09:52,A0003,123.153574,32.345167000000004,43.7,19.0,0,14,0,1,
679,0,1718701802000,2024-06-18,17:10:02,A0003,123.152468,32.345175999999995,41.6,38.0,0,14,0,1,
679,0,1718701812000,2024-06-18,17:10:12,A0003,123.150984,32.345107,62.3,40.0,0,14,0,1,
689,0,1718960582000,2024-06-21,17:03:02,A0003,123.148083,32.344922999999994,70.5,26.0,0,14,0,1,
689,0,1718960610000,2024-06-21,17:03:30,A0003,123.152716,32.345112,47.7,10.0,0,14,0,1,
689,0,1718960638000,2024-06-21,17:03:58,A0003,123.15665,32.343929,58.3,44.0,0,14,0,1,
696,0,1718875367000,2024-06-20,17:22:47,A0003,123.15187,32.345025,15.0,31.0,0,14,0,1,
696,0,1718875377000,2024-06-20,17:22:57,A0003,123.152632,32.345057000000004,38.0,51.0,0,14,0,1,
696,0,1718875387000,2024-06-20,17:23:07,A0003,123.15403899999998,32.345006,57.3,49.0,0,14,0,1,
713,0,1718873412000,2024-06-20,16:50:12,A0003,123.151946,32.34506,6.3,13.0,0,14,0,1,
713,0,1718873422000,2024-06-20,16:50:22,A0003,123.152568,32.345093,30.9,9.0,0,14,0,1,
713,0,1718873432000,2024-06-20,16:50:32,A0003,123.153555,32.345084,38.4,13.0,0,14,0,1,
715,0,1718614470000,2024-06-17,16:54:30,A0003,123.151853,32.345096000000005,11.6,22.0,0,14,0,1,
715,0,1718614480000,2024-06-17,16:54:40,A0003,123.152685,32.345135,39.1,16.0,0,14,0,1,
715,0,1718614490000,2024-06-17,16:54:50,A0003,123.154072,32.345074,55.1,24.0,0,14,0,1,
715,0,1718700689000,2024-06-18,16:51:29,A0003,123.15201816666666,32.34505416666667,0.0499999999999999,3.0,9,14,1,1,16:52:19
715,0,1718700749000,2024-06-18,16:52:29,A0003,123.152543,32.345085,30.8,20.0,0,14,0,1,
715,0,1718700759000,2024-06-18,16:52:39,A0003,123.153657,32.345079,42.3,16.0,0,14,0,1,
715,0,1718874190000,2024-06-20,17:03:10,A0003,123.151922,32.345046,14.8,19.0,0,14,0,1,
715,0,1718874200000,2024-06-20,17:03:20,A0003,123.152645,32.345078,39.2,24.0,0,14,0,1,
715,0,1718874210000,2024-06-20,17:03:30,A0003,123.15388,32.34505,49.0,27.0,0,14,0,1,
715,0,1718960141000,2024-06-21,16:55:41,A0003,123.15221033333331,32.34509599999999,0.0,0.0,21,0,1,0,16:56:31
715,0,1718960201000,2024-06-21,16:56:41,A0003,123.152664,32.345119,41.5,29.0,0,14,0,1,
715,0,1718960211000,2024-06-21,16:56:51,A0003,123.154194,32.345040000000004,59.5,24.0,0,14,0,1,
719,0,1718701245000,2024-06-18,17:00:45,A0003,123.153863,32.345122,20.5,0.0,0,14,0,0,
719,0,1718701275000,2024-06-18,17:01:15,A0003,123.15263600000002,32.345156,41.2,30.0,0,14,0,1,
719,0,1718701305000,2024-06-18,17:01:45,A0003,123.148399,32.344973,59.6,19.0,0,14,0,1,
725,0,1718873953000,2024-06-20,16:59:13,A0003,123.153276,32.345174,23.9,18.0,0,14,0,1,
725,0,1718873963000,2024-06-20,16:59:23,A0003,123.152553,32.34517,24.6,14.0,0,14,0,1,
725,0,1718873973000,2024-06-20,16:59:33,A0003,123.151938,32.345133000000004,14.3,1.0,0,14,0,1,
735,0,1718873873000,2024-06-20,16:57:53,A0003,123.15299083333332,32.3451705,0.0,0.0,23,14,1,0,16:58:43
735,0,1718873933000,2024-06-20,16:58:53,A0003,123.152499,32.345147999999995,46.5,34.0,0,14,0,1,
735,0,1718873943000,2024-06-20,16:59:03,A0003,123.15076299999998,32.345068,70.2,33.0,0,14,0,1,
740,0,1718788124000,2024-06-19,17:08:44,A0003,123.15285983333332,32.3452005,0.3166666666666666,0.0,101,14,1,0,17:09:34
740,0,1718788184000,2024-06-19,17:09:44,A0003,123.15251,32.345192,37.2,39.0,0,14,0,1,
740,0,1718788194000,2024-06-19,17:09:54,A0003,123.151235,32.345135,51.8,31.0,0,14,0,1,
742,0,1718875754000,2024-06-20,17:29:14,A0003,123.15333400000002,32.345192,13.8,44.0,0,14,0,1,
742,0,1718875764000,2024-06-20,17:29:24,A0003,123.152722,32.345183,29.3,40.0,0,14,0,1,
742,0,1718875774000,2024-06-20,17:29:34,A0003,123.151657,32.345138,40.8,6.0,0,14,0,1,
774,0,1718873884000,2024-06-20,16:58:04,A0003,123.1520478,32.34503880000001,0.0,0.0,17,14,1,0,16:58:44
774,0,1718873934000,2024-06-20,16:58:54,A0003,123.152457,32.345059,20.4,0.0,19,14,1,0,
774,0,1718873944000,2024-06-20,16:59:04,A0003,123.153087,32.345074999999994,35.1,39.0,0,14,0,1,
797,0,1718701391000,2024-06-18,17:03:11,A0003,123.151932,32.345079,3.6,12.0,0,14,0,1,
797,0,1718701401000,2024-06-18,17:03:21,A0003,123.152566,32.345121,40.6,16.0,0,14,0,1,
797,0,1718701411000,2024-06-18,17:03:31,A0003,123.154003,32.345071000000004,57.1,11.0,0,14,0,1,
802,0,1718702691000,2024-06-18,17:24:51,A0003,123.152103,32.345097,9.5,0.0,2,14,1,0,
802,0,1718702701000,2024-06-18,17:25:01,A0003,123.15268,32.345122,31.4,40.0,0,14,0,1,
802,0,1718702711000,2024-06-18,17:25:11,A0003,123.153821,32.345079,40.7,29.0,0,14,0,1,
806,0,1718702039000,2024-06-18,17:13:59,A0003,123.153104,32.345151,9.9,0.0,14,14,1,0,
806,0,1718702049000,2024-06-18,17:14:09,A0003,123.152439,32.345155,40.6,46.0,0,14,0,1,
806,0,1718702059000,2024-06-18,17:14:19,A0003,123.150953,32.345089,57.3,53.0,0,14,0,1,
813,0,1718700547000,2024-06-18,16:49:07,A0003,123.15196914285714,32.345082857142856,0.0,1.0,101,14,1,0,16:50:07
813,0,1718700617000,2024-06-18,16:50:17,A0003,123.15248,32.3451,33.8,42.0,0,14,0,1,
813,0,1718700627000,2024-06-18,16:50:27,A0003,123.1536,32.345108,45.6,39.0,0,14,0,1,
819,0,1718702564000,2024-06-18,17:22:44,A0003,123.153358,32.345197,16.9,25.0,0,14,0,1,
819,0,1718702574000,2024-06-18,17:22:54,A0003,123.152467,32.345183,36.9,15.0,0,14,0,1,
819,0,1718702584000,2024-06-18,17:23:04,A0003,123.151625,32.345146,16.4,3.0,0,14,0,1,
828,0,1718959927000,2024-06-21,16:52:07,A0003,123.153704,32.345178000000004,21.0,0.0,0,14,0,0,
828,0,1718959957000,2024-06-21,16:52:37,A0003,123.152711,32.345202,29.0,4.0,0,14,0,1,
828,0,1718959987000,2024-06-21,16:53:07,A0003,123.151769,32.345158999999995,0.0,0.0,101,14,1,0,
829,0,1718701667000,2024-06-18,17:07:47,A0003,123.152015,32.345071000000004,30.8,10.0,0,14,0,1,
829,0,1718701672000,2024-06-18,17:07:52,A0003,123.152514,32.345094,38.4,9.0,0,14,0,1,
829,0,1718701677000,2024-06-18,17:07:57,A0003,123.153091,32.345112,41.6,5.0,0,14,0,1,
839,0,1718700866000,2024-06-18,16:54:26,A0003,123.15302,32.345203999999995,0.0,9.0,0,14,1,1,
839,0,1718700876000,2024-06-18,16:54:36,A0003,123.152365,32.345164999999994,35.4,12.0,0,14,1,1,
839,0,1718700886000,2024-06-18,16:54:46,A0003,123.15109,32.345111,50.1,14.0,0,14,1,1,
870,2,1718700345000,2024-06-18,16:45:45,A0003,123.153598,32.345167000000004,0.0,0.0,0,14,0,0,
870,2,1718700375000,2024-06-18,16:46:15,A0003,123.152341,32.345178000000004,31.0,3.0,0,14,0,1,
870,2,1718700405000,2024-06-18,16:46:45,A0003,123.149087,32.345029,59.0,12.0,0,14,0,1,
883,0,1718699950000,2024-06-18,16:39:10,A0003,123.153171,32.345166,1.3,0.0,14,14,1,0,16:39:20
883,0,1718699970000,2024-06-18,16:39:30,A0003,123.152675,32.345153,31.0,25.0,0,14,0,1,
883,0,1718699980000,2024-06-18,16:39:40,A0003,123.151569,32.345135,47.6,0.0,0,14,1,0,
886,0,1718701395000,2024-06-18,17:03:15,A0003,123.148009,32.344916,64.0,20.0,0,14,0,1,
886,0,1718701425000,2024-06-18,17:03:45,A0003,123.152403,32.345088,36.0,22.0,0,14,0,1,
886,0,1718701455000,2024-06-18,17:04:15,A0003,123.155833,32.344466,37.0,26.0,0,14,0,1,
886,0,1718873920000,2024-06-20,16:58:40,A0003,123.14708,32.344840000000005,67.0,18.0,0,14,0,1,
886,0,1718873950000,2024-06-20,16:59:10,A0003,123.152383,32.345079,53.0,17.0,0,14,0,1,
886,0,1718873980000,2024-06-20,16:59:40,A0003,123.156588,32.343982999999994,58.0,18.0,0,14,0,1,
911,0,1718702828000,2024-06-18,17:27:08,A0003,123.154164,32.345102999999995,0.0,0.0,23,14,1,0,
911,0,1718702856000,2024-06-18,17:27:36,A0003,123.152628,32.345189000000005,36.9,0.0,0,14,0,0,
911,0,1718702884000,2024-06-18,17:28:04,A0003,123.149196,32.345023999999995,51.1,25.0,0,14,0,1,
919,0,1718700142000,2024-06-18,16:42:22,A0003,123.152196875,32.34505625,0.0,0.0,54,0,1,0,16:43:32
919,0,1718700222000,2024-06-18,16:43:42,A0003,123.152669,32.345082,46.0,29.0,0,14,0,1,
919,0,1718700232000,2024-06-18,16:43:52,A0003,123.154047,32.345023,51.0,0.0,0,14,0,1,
920,0,1718701258000,2024-06-18,17:00:58,A0003,123.153081,32.34523299999999,0.5,31.0,0,14,0,1,
920,0,1718701268000,2024-06-18,17:01:08,A0003,123.152416,32.345202,44.7,49.0,0,14,0,1,
920,0,1718701278000,2024-06-18,17:01:18,A0003,123.150838,32.345129,54.7,7.0,0,14,1,0,
946,0,1718699880000,2024-06-18,16:38:00,A0003,123.15220725,32.345144875,0.125,0.0,0,14,0,1,16:39:10
946,0,1718699960000,2024-06-18,16:39:20,A0003,123.152469,32.345149,29.5,0.0,0,14,1,1,
946,0,1718699970000,2024-06-18,16:39:30,A0003,123.153579,32.34513,47.3,0.0,0,14,1,1,
948,0,1718702808000,2024-06-18,17:26:48,A0003,123.14798799999998,32.344911,101.0,17.0,0,14,0,1,
948,0,1718702838000,2024-06-18,17:27:18,A0003,123.152354,32.34509,35.0,27.0,0,14,0,1,
948,0,1718702868000,2024-06-18,17:27:48,A0003,123.155899,32.344398,41.0,26.0,0,14,0,1,
956,2,1718699894000,2024-06-18,16:38:14,A0003,123.1528555714286,32.345268999999995,0.0,0.0,11,14,1,0,16:39:14
956,2,1718699964000,2024-06-18,16:39:24,A0003,123.152398,32.345240000000004,31.9,31.0,0,14,0,1,
956,2,1718699974000,2024-06-18,16:39:34,A0003,123.15154,32.345202,26.8,8.0,0,14,1,0,
963,1,1718701472000,2024-06-18,17:04:32,A0003,123.15222020000002,32.345076,0.0,0.0,10,14,1,1,17:05:12
963,1,1718701522000,2024-06-18,17:05:22,A0003,123.152495,32.345091999999994,30.4,42.0,0,14,0,1,
963,1,1718701532000,2024-06-18,17:05:32,A0003,123.153781,32.345074,50.2,38.0,0,14,0,1,
980,0,1718699730000,2024-06-18,16:35:30,A0003,123.153417,32.34518,33.0,20.0,0,14,0,1,
980,0,1718699740000,2024-06-18,16:35:40,A0003,123.152472,32.345169,31.0,0.0,101,14,1,0,
980,0,1718699750000,2024-06-18,16:35:50,A0003,123.151636,32.345132,33.0,14.0,0,14,0,1,
988,0,1718699433000,2024-06-18,16:30:33,A0003,123.152096,32.345082,19.5,29.0,0,14,0,1,
988,0,1718699438000,2024-06-18,16:30:38,A0003,123.152505,32.345102999999995,33.9,20.0,0,14,0,1,
988,0,1718699443000,2024-06-18,16:30:43,A0003,123.153044,32.345122,34.5,23.0,0,14,0,1,
990,0,1718702050000,2024-06-18,17:14:10,A0003,123.153472,32.345153,23.4,40.0,0,14,0,1,
990,0,1718702060000,2024-06-18,17:14:20,A0003,123.152504,32.345147999999995,41.6,29.0,0,14,0,1,
990,0,1718702070000,2024-06-18,17:14:30,A0003,123.151292,32.345096000000005,61.3,60.0,0,14,0,1,
1002,0,1718699683000,2024-06-18,16:34:43,A0003,123.153205,32.345198,9.4,0.0,101,14,1,0,
1002,0,1718699713000,2024-06-18,16:35:13,A0003,123.152587,32.345192999999995,32.1,17.0,0,14,0,1,
1002,0,1718699743000,2024-06-18,16:35:43,A0003,123.14897,32.345027,56.1,9.0,0,14,0,1,
1010,0,1718699703000,2024-06-18,16:35:03,A0003,123.151377,32.345056,35.8,22.0,0,14,0,1,
1010,0,1718699713000,2024-06-18,16:35:13,A0003,123.152578,32.345106,42.2,4.0,0,14,1,0,
1010,0,1718699723000,2024-06-18,16:35:23,A0003,123.153809,32.345074,43.4,28.0,0,14,0,1,
1016,0,1718699835000,2024-06-18,16:37:15,A0003,123.15289,32.345196,15.8,0.0,101,14,1,0,
1016,0,1718699840000,2024-06-18,16:37:20,A0003,123.152529,32.345174,36.3,18.0,0,14,0,1,
1016,0,1718699845000,2024-06-18,16:37:25,A0003,123.151917,32.34515,43.3,5.0,0,14,0,1,
1024,0,1718615776000,2024-06-17,17:16:16,A0003,123.153301,32.345192,14.7,33.0,0,14,0,1,
1024,0,1718615786000,2024-06-17,17:16:26,A0003,123.152538,32.345164000000004,36.2,22.0,0,14,0,1,
1024,0,1718615796000,2024-06-17,17:16:36,A0003,123.151295,32.345123,51.1,34.0,0,14,0,1,
1024,0,1718702718000,2024-06-18,17:25:18,A0003,123.154217,32.34509,55.0,48.0,0,14,1,0,
1024,0,1718702728000,2024-06-18,17:25:28,A0003,123.152477,32.345178000000004,54.1,0.0,0,14,1,0,
1024,0,1718702738000,2024-06-18,17:25:38,A0003,123.151044,32.345102999999995,55.2,38.0,0,14,0,1,
1026,0,1718701925000,2024-06-18,17:12:05,A0003,123.153379,32.345212,17.2,23.0,0,14,0,1,
1026,0,1718701935000,2024-06-18,17:12:15,A0003,123.152593,32.345203000000005,28.3,24.0,0,14,1,0,
1026,0,1718701945000,2024-06-18,17:12:25,A0003,123.15167,32.345155,17.8,43.0,0,14,0,1,
1050,0,1718700103000,2024-06-18,16:41:43,A0003,123.15335,32.345177,16.8,0.0,0,14,0,0,
1050,0,1718700113000,2024-06-18,16:41:53,A0003,123.152735,32.345175,32.4,16.0,0,14,0,1,
1050,0,1718700123000,2024-06-18,16:42:03,A0003,123.151805,32.345136,35.6,23.0,0,14,0,1,
1060,0,1718613355000,2024-06-17,16:35:55,A0003,123.152981875,32.345216625,0.0,0.0,101,14,1,1,16:37:05
1060,0,1718613435000,2024-06-17,16:37:15,A0003,123.152538,32.345206,25.4,12.0,0,14,0,1,
1060,0,1718613445000,2024-06-17,16:37:25,A0003,123.151739,32.345172,33.0,25.0,0,14,0,1,
1060,0,1718701312000,2024-06-18,17:01:52,A0003,123.152866125,32.345239375,0.0,0.0,101,14,1,1,17:03:02
1060,0,1718701392000,2024-06-18,17:03:12,A0003,123.152507,32.345226999999994,36.3,40.0,0,14,0,1,
1060,0,1718701402000,2024-06-18,17:03:22,A0003,123.151185,32.34517,48.1,45.0,0,14,0,1,
1060,0,1718787525000,2024-06-19,16:58:45,A0003,123.152989,32.345246,0.0,0.0,101,14,1,1,
1060,0,1718787535000,2024-06-19,16:58:55,A0003,123.152654,32.345246,28.0,27.0,0,14,0,1,
1060,0,1718787545000,2024-06-19,16:59:05,A0003,123.15154,32.345186,45.9,0.0,0,14,1,0,
1070,0,1718615008000,2024-06-17,17:03:28,A0003,123.151459,32.345055,32.8,15.0,0,14,0,1,
1070,0,1718615018000,2024-06-17,17:03:38,A0003,123.152575,32.345106,38.1,8.0,0,14,1,0,
1070,0,1718615028000,2024-06-17,17:03:48,A0003,123.15369,32.345093,44.5,37.0,0,14,0,1,
1084,0,1718701621000,2024-06-18,17:07:01,A0003,123.15179975,32.345060000000004,0.4499999999999999,0.0,12,14,1,1,17:07:31
1084,0,1718701661000,2024-06-18,17:07:41,A0003,123.152412,32.345078,37.1,29.0,0,14,0,1,
1084,0,1718701671000,2024-06-18,17:07:51,A0003,123.153679,32.345083,43.1,24.0,0,14,0,1,
1086,0,1718701782000,2024-06-18,17:09:42,A0003,123.151852,32.345006,0.0,0.0,15,14,1,0,
1086,0,1718701792000,2024-06-18,17:09:52,A0003,123.152379,32.345032,35.7,18.0,0,14,0,1,
1086,0,1718701802000,2024-06-18,17:10:02,A0003,123.153519,32.345039,40.8,24.0,0,14,0,1,
1097,2,1718961266000,2024-06-21,17:14:26,A0003,123.153241,32.345163,23.9,7.0,0,14,1,0,
1097,2,1718961276000,2024-06-21,17:14:36,A0003,123.152573,32.345162,18.5,17.0,0,14,0,1,
1097,2,1718961286000,2024-06-21,17:14:46,A0003,123.151882,32.345130999999995,23.8,14.0,0,14,1,0,
1098,0,1718958601000,2024-06-21,16:30:01,A0003,123.152081,32.345095,0.0,0.0,0,0,1,0,16:30:21
1098,0,1718958631000,2024-06-21,16:30:31,A0003,123.152332,32.345111,23.6,13.0,0,14,0,1,
1098,0,1718958641000,2024-06-21,16:30:41,A0003,123.153433,32.345125,45.6,12.0,0,14,0,1,
1101,0,1718959728000,2024-06-21,16:48:48,A0003,123.15201233333332,32.34508433333333,0.0,0.0,9,14,1,1,16:50:08
1101,0,1718959818000,2024-06-21,16:50:18,A0003,123.152575,32.345117,41.0,37.0,0,14,0,1,
1101,0,1718959828000,2024-06-21,16:50:28,A0003,123.154004,32.345059,54.8,39.0,0,14,0,1,
1102,0,1718958661000,2024-06-21,16:31:01,A0003,123.152746,32.345162,27.9,18.0,0,14,0,1,
1102,0,1718958662000,2024-06-21,16:31:02,A0003,123.152657,32.345157,28.0,9.0,0,14,0,1,
1102,0,1718958663000,2024-06-21,16:31:03,A0003,123.152586,32.345153,26.5,0.0,0,14,0,1,
1102,0,1718958664000,2024-06-21,16:31:04,A0003,123.152497,32.345151,24.1,0.0,0,14,0,0,
1102,0,1718958665000,2024-06-21,16:31:05,A0003,123.152426,32.345147999999995,21.5,0.0,0,14,0,0,
1102,0,1718958666000,2024-06-21,16:31:06,A0003,123.152373,32.345144,18.9,0.0,0,14,0,0,
1102,0,1718958667000,2024-06-21,16:31:07,A0003,123.15232,32.345142,15.9,0.0,101,14,1,0,
1105,0,1718874202000,2024-06-20,17:03:22,A0003,123.150838,32.345005,57.2,0.0,0,14,1,0,
1105,0,1718874212000,2024-06-20,17:03:32,A0003,123.152349,32.345048,54.1,7.0,0,14,1,0,
1105,0,1718874222000,2024-06-20,17:03:42,A0003,123.15408899999998,32.345001999999994,61.6,15.0,0,14,1,1,
1105,0,1718960688000,2024-06-21,17:04:48,A0003,123.15220233333332,32.34505733333333,0.0,0.0,0,14,1,0,17:05:08
1105,0,1718960718000,2024-06-21,17:05:18,A0003,123.152342,32.345066,25.2,23.0,0,14,1,1,
1105,0,1718960728000,2024-06-21,17:05:28,A0003,123.153796,32.345085,56.2,25.0,0,14,1,1,
1109,0,1718960078000,2024-06-21,16:54:38,A0003,123.153426,32.345163,17.6,17.0,0,14,1,1,
1109,0,1718960088000,2024-06-21,16:54:48,A0003,123.152623,32.345147999999995,35.4,0.0,0,14,1,0,
1109,0,1718960088000,2024-06-21,16:54:48,A0003,123.152623,32.345147999999995,35.4,0.0,0,14,1,0,
1109,0,1718960098000,2024-06-21,16:54:58,A0003,123.151819,32.345119,19.3,0.0,0,14,1,0,
1114,0,1718961585000,2024-06-21,17:19:45,A0003,123.1521052,32.3450648,0.0,0.0,101,14,1,0,17:20:25
1114,0,1718961635000,2024-06-21,17:20:35,A0003,123.152538,32.345084,38.0,24.0,0,14,0,1,
1114,0,1718961645000,2024-06-21,17:20:45,A0003,123.153775,32.345073,48.2,20.0,0,14,0,1,
1117,0,1718961118000,2024-06-21,17:11:58,A0003,123.152764,32.34518799999999,33.6,16.0,0,14,0,1,
1117,0,1718961119000,2024-06-21,17:11:59,A0003,123.152666,32.345184,34.1,18.0,0,14,0,1,
1117,0,1718961120000,2024-06-21,17:12:00,A0003,123.152568,32.345177,34.9,27.0,0,14,0,1,
1117,0,1718961121000,2024-06-21,17:12:01,A0003,123.152471,32.345177,37.5,23.0,0,14,0,1,
1117,0,1718961122000,2024-06-21,17:12:02,A0003,123.152355,32.34517099999999,39.4,16.0,0,14,0,1,
1117,0,1718961123000,2024-06-21,17:12:03,A0003,123.15224,32.345164000000004,39.9,18.0,0,14,0,1,
1124,0,1718960336000,2024-06-21,16:58:56,A0003,123.151935,32.345066,20.2,12.0,0,14,0,1,
1124,0,1718960341000,2024-06-21,16:59:01,A0003,123.152382,32.345085999999995,38.3,10.0,0,14,0,1,
1124,0,1718960346000,2024-06-21,16:59:06,A0003,123.152973,32.34511,43.9,13.0,0,14,0,1,
1125,4,1718875241000,2024-06-20,17:20:41,A0003,123.153289,32.345178999999995,22.3,43.0,0,14,0,1,
1125,4,1718875251000,2024-06-20,17:20:51,A0003,123.152361,32.345158000000005,41.2,54.0,0,14,0,1,
1125,4,1718875261000,2024-06-20,17:21:01,A0003,123.150994,32.345085999999995,53.3,43.0,0,14,0,1,
1147,0,1718958640000,2024-06-21,16:30:40,A0003,123.151733,32.345056,14.9,25.0,0,14,0,1,
1147,0,1718958650000,2024-06-21,16:30:50,A0003,123.152403,32.345091,26.1,23.0,0,14,0,1,
1147,0,1718958660000,2024-06-21,16:31:00,A0003,123.153304,32.345134,36.1,39.0,0,14,0,1,
1157,1,1718958883000,2024-06-21,16:34:43,A0003,123.152095,32.34509799999999,0.0,0.0,101,14,1,1,16:34:53
1157,1,1718958903000,2024-06-21,16:35:03,A0003,123.152537,32.345123,31.9,23.0,0,14,0,1,
1157,1,1718958913000,2024-06-21,16:35:13,A0003,123.153668,32.345097,43.2,26.0,0,14,0,1,
1164,0,1718961626000,2024-06-21,17:20:26,A0003,123.15186,32.345051,7.2,0.0,0,14,0,0,
1164,0,1718961636000,2024-06-21,17:20:36,A0003,123.152325,32.345068999999995,29.9,36.0,0,14,0,1,
1164,0,1718961646000,2024-06-21,17:20:46,A0003,123.153442,32.345091999999994,40.9,16.0,0,14,0,1,
1167,0,1718961379000,2024-06-21,17:16:19,A0003,123.15183600000002,32.345071000000004,10.6,20.0,0,14,0,1,
1167,0,1718961389000,2024-06-21,17:16:29,A0003,123.152561,32.3451,28.8,24.0,0,14,0,1,
1167,0,1718961399000,2024-06-21,17:16:39,A0003,123.153555,32.3451,34.0,0.0,1,14,1,0,
1187,0,1718961101000,2024-06-21,17:11:41,A0003,123.153272,32.345178999999995,1.0,13.5,16,14,1,0,17:11:51
1187,0,1718961121000,2024-06-21,17:12:01,A0003,123.152664,32.345181999999994,38.0,29.0,0,14,0,1,
1187,0,1718961131000,2024-06-21,17:12:11,A0003,123.15152,32.34517,47.0,28.0,0,14,0,1,
1201,0,1718960336000,2024-06-21,16:58:56,A0003,123.153286,32.34517099999999,27.1,58.0,0,14,0,1,
1201,0,1718960346000,2024-06-21,16:59:06,A0003,123.152451,32.345147999999995,44.1,9.0,0,14,0,1,
1201,0,1718960356000,2024-06-21,16:59:16,A0003,123.151283,32.345085,5.6,0.0,101,14,1,0,
1218,0,1718961034000,2024-06-21,17:10:34,A0003,123.15298500000002,32.345184,0.0,0.0,40,14,1,0,17:11:44
1218,0,1718961114000,2024-06-21,17:11:54,A0003,123.152545,32.345161,42.1,19.0,0,14,0,1,
1218,0,1718961124000,2024-06-21,17:12:04,A0003,123.15121299999998,32.345121,45.2,27.0,0,14,0,1,
1225,0,1718960066000,2024-06-21,16:54:26,A0003,123.151631,32.345061,0.0,0.0,0,14,0,0,
1225,0,1718960096000,2024-06-21,16:54:56,A0003,123.15267,32.345102999999995,34.0,16.0,0,14,0,1,
1225,0,1718960126000,2024-06-21,16:55:26,A0003,123.156439,32.344103000000004,65.0,18.0,0,14,0,1,
1226,0,1718959793000,2024-06-21,16:49:53,A0003,123.153934,32.345113999999995,31.0,10.0,0,14,0,1,
1226,0,1718959823000,2024-06-21,16:50:23,A0003,123.152583,32.34518,34.0,15.0,0,14,0,1,
1226,0,1718959823000,2024-06-21,16:50:23,A0003,123.152583,32.34518,34.0,15.0,0,14,0,1,
1226,0,1718959853000,2024-06-21,16:50:53,A0003,123.151686,32.345132,25.0,26.0,0,14,0,1,
1241,0,1718961255000,2024-06-21,17:14:15,A0003,123.153121,32.345163,24.8,21.0,0,14,0,1,
1241,0,1718961265000,2024-06-21,17:14:25,A0003,123.152428,32.345146,30.9,21.0,0,14,0,1,
1241,0,1718961275000,2024-06-21,17:14:35,A0003,123.151582,32.345111,36.5,23.0,0,14,0,1,
1261,0,1718960816000,2024-06-21,17:06:56,A0003,123.15203975,32.34508325,0.475,0.0,9,14,1,0,17:07:26
1261,0,1718960856000,2024-06-21,17:07:36,A0003,123.152552,32.345107,28.5,24.0,0,14,0,1,
1261,0,1718960866000,2024-06-21,17:07:46,A0003,123.153697,32.345085999999995,44.4,25.0,0,14,0,1,
1268,0,1718960743000,2024-06-21,17:05:43,A0003,123.153232,32.345192999999995,18.6,2.0,0,14,1,0,
1268,0,1718960753000,2024-06-21,17:05:53,A0003,123.152483,32.345178000000004,36.1,16.0,0,14,0,1,
1268,0,1718960763000,2024-06-21,17:06:03,A0003,123.151425,32.345128,38.5,24.0,0,14,0,1,
1279,0,1718961764000,2024-06-21,17:22:44,A0003,123.152173,32.345045,25.7,14.0,0,14,0,1,
1279,0,1718961769000,2024-06-21,17:22:49,A0003,123.152604,32.345066,31.3,18.0,0,14,0,1,
1279,0,1718961774000,2024-06-21,17:22:54,A0003,123.15313799999998,32.345107,41.4,18.0,0,14,0,1,
1282,0,1718961510000,2024-06-21,17:18:30,A0003,123.153519,32.345201,13.7,12.0,0,14,1,1,
1282,0,1718961520000,2024-06-21,17:18:40,A0003,123.15263799999998,32.345203999999995,40.7,0.0,0,14,1,0,
1282,0,1718961530000,2024-06-21,17:18:50,A0003,123.151606,32.345167000000004,30.5,0.0,0,14,1,1,
1283,0,1718962096000,2024-06-21,17:28:16,A0003,123.15307016666668,32.34522416666667,0.0,0.0,16,14,1,1,17:29:06
1283,0,1718962156000,2024-06-21,17:29:16,A0003,123.152615,32.345225,27.7,16.0,0,14,0,1,
1283,0,1718962166000,2024-06-21,17:29:26,A0003,123.151942,32.345187,24.5,9.0,0,14,0,1,
1295,0,1718961911000,2024-06-21,17:25:11,A0003,123.153171,32.345195000000004,26.6,0.0,0,14,0,0,
1295,0,1718961921000,2024-06-21,17:25:21,A0003,123.152509,32.345186,26.3,25.0,0,14,0,1,
1295,0,1718961931000,2024-06-21,17:25:31,A0003,123.151514,32.34514,45.5,19.0,0,14,0,1,
1298,0,1718959170000,2024-06-21,16:39:30,A0003,123.152762,32.345172,23.2,18.0,0,14,0,1,
1298,0,1718959175000,2024-06-21,16:39:35,A0003,123.152386,32.345156,27.9,18.0,0,14,0,1,
1298,0,1718959180000,2024-06-21,16:39:40,A0003,123.151924,32.345130999999995,36.2,0.0,0,14,0,0,
1302,0,1718960792000,2024-06-21,17:06:32,A0003,123.15298033333332,32.34521716666666,0.15,0.0,0,14,1,1,17:07:22
1302,0,1718960852000,2024-06-21,17:07:32,A0003,123.152683,32.345211,24.2,10.0,0,14,0,1,
1302,0,1718960862000,2024-06-21,17:07:42,A0003,123.151736,32.345168,40.9,11.0,0,14,0,1,
1304,0,1718788803000,2024-06-19,17:20:03,A0003,123.153785,32.345133000000004,38.1,35.0,0,14,0,1,
1304,0,1718788831000,2024-06-19,17:20:31,A0003,123.152338,32.34516,48.3,43.0,0,14,0,1,
1304,0,1718788859000,2024-06-19,17:20:59,A0003,123.148265,32.344984999999994,54.1,38.0,0,14,0,1,
1304,0,1718875332000,2024-06-20,17:22:12,A0003,123.153996,32.345085999999995,31.8,63.0,0,14,0,1,
1304,0,1718875360000,2024-06-20,17:22:40,A0003,123.152491,32.345185,49.4,46.0,0,14,0,1,
1304,0,1718875388000,2024-06-20,17:23:08,A0003,123.146642,32.344877000000004,84.8,29.0,0,14,0,1,
1309,0,1718700465000,2024-06-18,16:47:45,A0003,123.153886,32.34514,31.0,0.0,101,14,1,0,
1309,0,1718700495000,2024-06-18,16:48:15,A0003,123.152449,32.345178000000004,35.0,0.0,101,14,1,0,
1309,0,1718700525000,2024-06-18,16:48:45,A0003,123.150608,32.345097,50.0,30.0,0,14,0,1,
1317,0,1718961561000,2024-06-21,17:19:21,A0003,123.15294814285716,32.34519557142857,0.0,0.0,15,14,1,1,17:20:21
1317,0,1718961631000,2024-06-21,17:20:31,A0003,123.152644,32.345181999999994,28.4,12.0,0,14,0,1,
1317,0,1718961641000,2024-06-21,17:20:41,A0003,123.151578,32.345144,45.5,18.0,0,14,0,1,
1330,0,1718960612000,2024-06-21,17:03:32,A0003,123.151366,32.345063,43.0,39.0,0,14,0,1,
1330,0,1718960622000,2024-06-21,17:03:42,A0003,123.152733,32.345119,48.1,29.0,0,14,0,1,
1330,0,1718960632000,2024-06-21,17:03:52,A0003,123.154152,32.345051999999995,52.9,39.0,0,14,0,1,
1331,0,1718614028000,2024-06-17,16:47:08,A0003,123.153016,32.345181,0.0,0.0,101,0,1,0,16:47:38
1331,0,1718614088000,2024-06-17,16:48:08,A0003,123.152434,32.345158999999995,35.0,0.0,0,14,0,0,
1331,0,1718614118000,2024-06-17,16:48:38,A0003,123.150636,32.345067,53.0,28.0,0,14,0,1,
1335,0,1718962094000,2024-06-21,17:28:14,A0003,123.1530645,32.3452275,0.0,0.0,101,14,1,0,17:28:44
1335,0,1718962154000,2024-06-21,17:29:14,A0003,123.152698,32.345203000000005,29.1,0.0,0,14,0,0,
1335,0,1718962154000,2024-06-21,17:29:14,A0003,123.152698,32.345203000000005,29.1,0.0,0,14,0,0,
1335,0,1718962184000,2024-06-21,17:29:44,A0003,123.151189,32.345256,7.7,22.0,0,14,0,1,
1343,0,1718961479000,2024-06-21,17:17:59,A0003,123.151006,32.345025,30.0,31.0,0,14,0,1,
1343,0,1718961509000,2024-06-21,17:18:29,A0003,123.15254,32.34511,37.0,7.0,0,14,0,1,
1343,0,1718961539000,2024-06-21,17:18:59,A0003,123.155153,32.344768,49.0,13.0,0,14,0,1,
1364,0,1718960086000,2024-06-21,16:54:46,A0003,123.151683,32.345089,17.3,7.0,0,14,0,1,
1364,0,1718960096000,2024-06-21,16:54:56,A0003,123.152368,32.345123,32.7,19.0,0,14,0,1,
1364,0,1718960106000,2024-06-21,16:55:06,A0003,123.153352,32.345142,32.2,22.0,0,14,0,1,
1368,0,1718959990000,2024-06-21,16:53:10,A0003,123.1528925,32.34518775,0.0,0.0,16,14,1,0,16:54:20
1368,0,1718960070000,2024-06-21,16:54:30,A0003,123.152573,32.345174,35.0,56.0,0,14,0,1,
1368,0,1718960080000,2024-06-21,16:54:40,A0003,123.15125,32.345129,50.6,24.0,0,14,0,1,
1374,0,1718960640000,2024-06-21,17:04:00,A0003,123.152890625,32.345164000000004,0.0,0.0,6,14,1,1,17:05:10
1374,0,1718960720000,2024-06-21,17:05:20,A0003,123.152569,32.345152,35.0,23.0,0,14,0,1,
1374,0,1718960730000,2024-06-21,17:05:30,A0003,123.151119,32.345074999999994,64.8,21.0,0,14,0,1,
1387,1,1718962018000,2024-06-21,17:26:58,A0003,123.15205,32.345029999999994,8.0,37.0,0,14,0,1,
1387,1,1718962028000,2024-06-21,17:27:08,A0003,123.152681,32.345063,35.0,0.0,0,14,0,0,
1387,1,1718962038000,2024-06-21,17:27:18,A0003,123.153591,32.345053,19.0,43.0,0,14,0,1,
1393,0,1718959484000,2024-06-21,16:44:44,A0003,123.152956,32.345158000000005,0.0,8.0,101,14,1,1,16:45:44
1393,0,1718959555000,2024-06-21,16:45:55,A0003,123.152347,32.345139,38.8,0.0,0,14,0,1,
1393,0,1718959565000,2024-06-21,16:46:05,A0003,123.151455,32.345102000000004,4.5,0.0,101,14,1,1,
1417,0,1718959324000,2024-06-21,16:42:04,A0003,123.153541,32.345151,32.7,6.0,0,14,0,1,
1417,0,1718959334000,2024-06-21,16:42:14,A0003,123.152657,32.345158999999995,35.1,6.0,0,14,0,1,
1417,0,1718959344000,2024-06-21,16:42:24,A0003,123.15171200000002,32.345116,34.2,18.0,0,14,0,1,
1419,0,1718614985000,2024-06-17,17:03:05,A0003,123.15331299999998,32.345096000000005,22.2,39.0,0,14,0,1,
1419,0,1718614996000,2024-06-17,17:03:16,A0003,123.152453,32.345085999999995,38.9,27.0,0,14,0,1,
1419,0,1718615005000,2024-06-17,17:03:25,A0003,123.151348,32.345038,52.0,46.0,0,14,0,1,
1419,3,1718615356000,2024-06-17,17:09:16,A0003,123.15207033333331,32.345007333333335,0.5666666666666667,15.666666666666666,22,14,1,0,17:09:36
1419,3,1718615386000,2024-06-17,17:09:46,A0003,123.152475,32.345040999999995,36.5,25.0,0,14,0,1,
1419,3,1718615386000,2024-06-17,17:09:46,A0003,123.152475,32.345040999999995,36.5,25.0,0,14,0,1,
1419,3,1718615396000,2024-06-17,17:09:56,A0003,123.153625,32.345040999999995,39.9,22.0,0,14,0,1,
1421,0,1718616214000,2024-06-17,17:23:34,A0003,123.153124,32.345229,0.125,4.75,101,14,1,1,17:24:44
1421,0,1718616294000,2024-06-17,17:24:54,A0003,123.152537,32.345198,40.0,45.0,0,14,1,1,
1421,0,1718616304000,2024-06-17,17:25:04,A0003,123.151266,32.345136999999994,51.0,48.0,0,14,1,1,
1439,0,1718615255000,2024-06-17,17:07:35,A0003,123.153038,32.345228000000006,8.5,25.0,0,14,0,1,
1439,0,1718615265000,2024-06-17,17:07:45,A0003,123.15263,32.34521599999999,21.0,18.0,0,14,0,1,
1439,0,1718615275000,2024-06-17,17:07:55,A0003,123.151885,32.34517099999999,30.3,18.0,0,14,0,1,
1450,0,1718615436000,2024-06-17,17:10:36,A0003,123.15220977777776,32.34505577777778,0.0,0.0,9,14,1,1,17:11:36
1450,0,1718615506000,2024-06-17,17:11:46,A0003,123.152345,32.345065000000005,28.9,47.0,0,14,0,1,
1450,0,1718615506000,2024-06-17,17:11:46,A0003,123.152345,32.345065000000005,28.9,47.0,0,14,0,1,
1450,0,1718615516000,2024-06-17,17:11:56,A0003,123.15359,32.345077,50.8,31.0,0,14,0,1,
1462,0,1718613844000,2024-06-17,16:44:04,A0003,123.153206,32.34514299999999,31.1,26.0,0,14,0,1,
1462,0,1718613854000,2024-06-17,16:44:14,A0003,123.152386,32.345145,25.3,41.0,0,14,0,1,
1462,0,1718613864000,2024-06-17,16:44:24,A0003,123.151601,32.345102999999995,31.8,0.0,0,14,0,0,
1469,1,1718613305000,2024-06-17,16:35:05,A0003,123.153333,32.345181999999994,15.2,51.0,0,14,0,1,
1469,1,1718613315000,2024-06-17,16:35:15,A0003,123.152616,32.345186,34.3,39.0,0,14,0,1,
1469,1,1718613325000,2024-06-17,16:35:25,A0003,123.151569,32.34514,37.8,25.0,0,14,0,1,
1476,0,1718615396000,2024-06-17,17:09:56,A0003,123.153487,32.345172,19.5,9.0,0,14,1,0,
1476,0,1718615406000,2024-06-17,17:10:06,A0003,123.152734,32.345184,41.0,24.0,0,14,0,1,
1476,0,1718615416000,2024-06-17,17:10:16,A0003,123.151514,32.345128,43.9,18.0,0,14,0,1,
1487,0,1718613193000,2024-06-17,16:33:13,A0003,123.152192,32.345091,12.8,12.0,0,14,0,1,
1487,0,1718613203000,2024-06-17,16:33:23,A0003,123.152719,32.345128,18.3,6.0,0,14,0,1,
1487,0,1718613213000,2024-06-17,16:33:33,A0003,123.15346,32.345117,29.3,7.0,0,14,0,1,
1490,0,1718614746000,2024-06-17,16:59:06,A0003,123.151991,32.345097,16.3,0.0,0,14,1,0,
1490,0,1718614756000,2024-06-17,16:59:16,A0003,123.15273,32.345129,35.2,12.0,0,14,1,0,
1490,0,1718614766000,2024-06-17,16:59:26,A0003,123.154078,32.345056,53.2,43.0,0,14,0,1,
1504,0,1718787016000,2024-06-19,16:50:16,A0003,123.152016,32.34506,21.4,0.0,0,14,1,0,
1504,0,1718787026000,2024-06-19,16:50:26,A0003,123.152589,32.345101,24.1,0.0,0,14,1,0,
1504,0,1718787036000,2024-06-19,16:50:36,A0003,123.153341,32.345099,29.4,46.0,0,14,0,1,
1516,1,1718614360000,2024-06-17,16:52:40,A0003,123.153181,32.345178999999995,26.2,3.0,0,14,0,1,
1516,1,1718614370000,2024-06-17,16:52:50,A0003,123.152399,32.345172,17.0,0.0,101,14,1,0,
1516,1,1718614380000,2024-06-17,16:53:00,A0003,123.152066,32.345153999999994,5.6,0.0,101,14,1,0,
1517,0,1718613558000,2024-06-17,16:39:18,A0003,123.153162,32.345209000000004,1.5,23.0,0,14,0,1,
1517,0,1718613568000,2024-06-17,16:39:28,A0003,123.152692,32.345198999999994,25.4,45.0,0,14,0,1,
1517,0,1718613578000,2024-06-17,16:39:38,A0003,123.151697,32.345141,35.8,20.0,0,14,0,1,
1543,0,1718613180000,2024-06-17,16:33:00,A0003,123.153185,32.345195000000004,17.9,13.0,0,14,0,1,
1543,0,1718613190000,2024-06-17,16:33:10,A0003,123.152328,32.34517099999999,39.4,9.0,0,14,0,1,
1543,0,1718613200000,2024-06-17,16:33:20,A0003,123.151173,32.345112,46.9,20.0,0,14,0,1,
1549,0,1718613573000,2024-06-17,16:39:33,A0003,123.153461,32.345225,22.0,17.0,0,14,0,1,
1549,0,1718613583000,2024-06-17,16:39:43,A0003,123.152563,32.345220999999995,51.8,7.0,0,14,0,1,
1549,0,1718613593000,2024-06-17,16:39:53,A0003,123.151147,32.34515,49.0,0.0,0,14,0,0,
1564,0,1718614730000,2024-06-17,16:58:50,A0003,123.151855,32.345068999999995,0.0,0.0,0,14,0,1,
1564,0,1718614740000,2024-06-17,16:59:00,A0003,123.152342,32.345084,30.7,27.0,0,14,0,1,
1564,0,1718614750000,2024-06-17,16:59:10,A0003,123.153507,32.345087,47.0,0.0,0,14,1,0,
1595,0,1718614207000,2024-06-17,16:50:07,A0003,123.152806,32.345215,22.2,0.0,0,14,0,1,
1595,0,1718614208000,2024-06-17,16:50:08,A0003,123.15273700000002,32.345214,21.8,0.0,0,14,0,1,
1595,0,1718614209000,2024-06-17,16:50:09,A0003,123.152672,32.345214,19.3,0.0,0,14,0,1,
1595,0,1718614210000,2024-06-17,16:50:10,A0003,123.152609,32.345212,16.9,0.0,0,14,0,1,
1595,0,1718614211000,2024-06-17,16:50:11,A0003,123.152556,32.345211,15.6,0.0,0,14,0,1,
1595,0,1718614212000,2024-06-17,16:50:12,A0003,123.152507,32.345209000000004,17.9,0.0,0,14,0,1,
1595,0,1718614213000,2024-06-17,16:50:13,A0003,123.152458,32.345208,20.2,0.0,0,14,0,1,
1595,0,1718614214000,2024-06-17,16:50:14,A0003,123.152403,32.345205,22.2,0.0,0,14,0,1,
1595,0,1718614215000,2024-06-17,16:50:15,A0003,123.15233700000002,32.3452,21.8,0.0,0,14,0,1,
1595,0,1718614216000,2024-06-17,16:50:16,A0003,123.152276,32.345196,22.8,0.0,0,14,0,1,
1604,0,1718614207000,2024-06-17,16:50:07,A0003,123.152822,32.345158999999995,15.9,18.0,0,14,0,1,
1604,0,1718614212000,2024-06-17,16:50:12,A0003,123.152519,32.345147999999995,23.7,23.0,0,14,0,1,
1604,0,1718614217000,2024-06-17,16:50:17,A0003,123.152117,32.345135,29.0,8.0,0,14,0,1,
1608,0,1718614345000,2024-06-17,16:52:25,A0003,123.153307,32.345189000000005,22.1,17.0,0,14,0,1,
1608,0,1718614355000,2024-06-17,16:52:35,A0003,123.152526,32.345197,23.2,0.0,18,14,1,0,
1608,0,1718614365000,2024-06-17,16:52:45,A0003,123.152054,32.345189000000005,6.8,0.0,17,14,1,0,
1610,0,1718613826000,2024-06-17,16:43:46,A0003,123.152778,32.345192999999995,34.6,8.0,0,14,0,1,
1610,0,1718613828000,2024-06-17,16:43:48,A0003,123.152679,32.345186,27.1,0.0,0,14,0,0,
1610,0,1718613830000,2024-06-17,16:43:50,A0003,123.152524,32.345178000000004,23.9,3.0,0,14,0,1,
1610,0,1718613832000,2024-06-17,16:43:52,A0003,123.15239,32.345174,17.6,0.0,101,14,1,0,
1610,0,1718613834000,2024-06-17,16:43:54,A0003,123.15228700000002,32.345169,14.4,0.0,101,14,1,0,
1617,0,1718789245000,2024-06-19,17:27:25,A0003,123.154185,32.34506,22.0,0.0,0,14,0,0,
1617,0,1718789275000,2024-06-19,17:27:55,A0003,123.152495,32.345167000000004,33.0,19.0,0,14,0,1,
1617,0,1718789305000,2024-06-19,17:28:25,A0003,123.149399,32.345057999999995,51.0,19.0,0,14,0,1,
1638,0,1718613745000,2024-06-17,16:42:25,A0003,123.152243125,32.345048625000004,0.0,0.0,15,14,1,1,16:43:35
1638,0,1718613825000,2024-06-17,16:43:45,A0003,123.152551,32.34507,29.4,46.0,0,14,0,1,
1638,0,1718613835000,2024-06-17,16:43:55,A0003,123.153944,32.345037,53.5,33.0,0,14,0,1,
1639,0,1718615249000,2024-06-17,17:07:29,A0003,123.15227,32.345066,17.3,10.0,0,14,0,1,
1639,0,1718615254000,2024-06-17,17:07:34,A0003,123.152617,32.345085999999995,27.4,5.0,0,14,0,1,
1639,0,1718615259000,2024-06-17,17:07:39,A0003,123.153125,32.345073,45.5,23.0,0,14,0,1,
1642,0,1718614080000,2024-06-17,16:48:00,A0003,123.151803,32.345059,18.1,27.0,0,14,0,1,
1642,0,1718614090000,2024-06-17,16:48:10,A0003,123.15274,32.345085,41.2,23.0,0,14,0,1,
1642,0,1718614100000,2024-06-17,16:48:20,A0003,123.15408899999998,32.345028000000006,62.6,15.0,0,14,0,1,
1645,0,1718615770000,2024-06-17,17:16:10,A0003,123.151911,32.345074,15.1,13.0,0,14,0,1,
1645,0,1718615780000,2024-06-17,17:16:20,A0003,123.152705,32.345119999999994,30.3,29.0,0,14,0,1,
1645,0,1718615790000,2024-06-17,17:16:30,A0003,123.153679,32.345096000000005,12.5,0.0,101,14,1,0,
1656,0,1718615008000,2024-06-17,17:03:28,A0003,123.151362,32.345046,31.1,24.0,0,14,0,1,
1656,0,1718615018000,2024-06-17,17:03:38,A0003,123.152361,32.345106,41.2,18.0,0,14,0,1,
1656,0,1718615028000,2024-06-17,17:03:48,A0003,123.153333,32.345091999999994,13.1,0.0,101,14,1,0,
1674,0,1718613953000,2024-06-17,16:45:53,A0003,123.151954,32.345091999999994,9.1,22.0,0,14,0,1,
1674,0,1718613963000,2024-06-17,16:46:03,A0003,123.152581,32.345122,33.0,24.0,0,14,0,1,
1674,0,1718613973000,2024-06-17,16:46:13,A0003,123.15371,32.345096000000005,41.4,16.0,0,14,0,1,
1689,0,1718614406000,2024-06-17,16:53:26,A0003,123.15220083333332,32.34510066666667,0.0,0.0,52,14,1,0,16:54:16
1689,0,1718614466000,2024-06-17,16:54:26,A0003,123.152345,32.34511,36.5,60.0,0,14,0,1,
1689,0,1718614476000,2024-06-17,16:54:36,A0003,123.153704,32.345088,56.6,31.0,0,14,0,1,
1699,0,1718614142000,2024-06-17,16:49:02,A0003,123.15210471428573,32.345052,0.0,0.0,12,14,1,1,16:50:02
1699,0,1718614212000,2024-06-17,16:50:12,A0003,123.152396,32.345066,32.4,48.0,0,14,0,1,
1699,0,1718614222000,2024-06-17,16:50:22,A0003,123.153629,32.345068,48.8,48.0,0,14,0,1,
1742,0,1718961150000,2024-06-21,17:12:30,A0003,123.152196,32.34509766666666,0.6666666666666666,0.0,101,14,1,0,17:13:30
1742,0,1718961240000,2024-06-21,17:14:00,A0003,123.152431,32.34511,33.0,37.0,0,14,0,1,
1742,0,1718961270000,2024-06-21,17:14:30,A0003,123.15686,32.34376,68.0,18.0,0,14,0,1,
1772,0,1718788159000,2024-06-19,17:09:19,A0003,123.151743,32.345093,17.5,0.0,24,14,1,0,
1772,0,1718788189000,2024-06-19,17:09:49,A0003,123.15248400000002,32.345135,39.1,15.0,0,14,0,1,
1772,0,1718788219000,2024-06-19,17:10:19,A0003,123.156981,32.343695000000004,66.8,0.0,0,14,0,0,
1786,0,1718788194000,2024-06-19,17:09:54,A0003,123.15332,32.345202,21.8,11.0,0,14,0,1,
1786,0,1718788204000,2024-06-19,17:10:04,A0003,123.152476,32.34519,31.7,0.0,0,14,1,0,
1786,0,1718788214000,2024-06-19,17:10:14,A0003,123.151439,32.345161,40.5,14.0,0,14,0,1,
1789,0,1718785861000,2024-06-19,16:31:01,A0003,123.153903,32.345149,52.1,13.0,0,14,0,1,
1789,0,1718785871000,2024-06-19,16:31:11,A0003,123.152472,32.345207,36.1,0.0,0,14,1,0,
1789,0,1718785881000,2024-06-19,16:31:21,A0003,123.151485,32.345183,39.5,3.0,0,14,1,0,
1802,0,1718789104000,2024-06-19,17:25:04,A0003,123.15324,32.345236,16.7,0.0,0,14,1,0,
1802,0,1718789114000,2024-06-19,17:25:14,A0003,123.152655,32.34523,23.0,24.0,0,14,0,1,
1802,0,1718789124000,2024-06-19,17:25:24,A0003,123.151806,32.345178999999995,31.0,33.0,0,14,0,1,
1808,0,1718786631000,2024-06-19,16:43:51,A0003,123.153124,32.345232,24.7,42.0,0,14,0,1,
1808,0,1718786641000,2024-06-19,16:44:01,A0003,123.152375,32.345226999999994,24.0,0.0,0,14,0,1,
1808,0,1718786651000,2024-06-19,16:44:11,A0003,123.151565,32.345192999999995,35.7,30.0,0,14,0,1,
1808,1,1718787511000,2024-06-19,16:58:31,A0003,123.152043,32.34506533333333,0.0,6.0,14,14,1,0,16:58:51
1808,1,1718787541000,2024-06-19,16:59:01,A0003,123.1525,32.345087,31.0,27.0,0,14,0,1,
1808,1,1718787551000,2024-06-19,16:59:11,A0003,123.153519,32.34509,35.3,13.0,0,14,0,1,
1811,0,1718787406000,2024-06-19,16:56:46,A0003,123.15179,32.345057000000004,12.8,32.0,0,14,0,1,
1811,0,1718787416000,2024-06-19,16:56:56,A0003,123.15254,32.345088,37.8,24.0,0,14,0,1,
1811,0,1718787426000,2024-06-19,16:57:06,A0003,123.153872,32.34503599999999,53.9,19.0,0,14,0,1,
1812,0,1718785835000,2024-06-19,16:30:35,A0003,123.153063,32.345226000000004,16.5,48.0,0,14,0,1,
1812,0,1718785845000,2024-06-19,16:30:45,A0003,123.152412,32.345209000000004,21.9,13.0,0,14,0,1,
1812,0,1718785855000,2024-06-19,16:30:55,A0003,123.151744,32.345185,10.0,0.0,25,14,1,0,
1821,0,1718786593000,2024-06-19,16:43:13,A0003,123.152002,32.345111,0.0,0.0,19,14,1,1,16:43:34
1821,0,1718786624000,2024-06-19,16:43:44,A0003,123.152351,32.345124,34.8,40.0,0,14,1,1,
1821,0,1718786634000,2024-06-19,16:43:54,A0003,123.153746,32.34511,47.0,37.0,0,14,1,1,
1843,0,1718788981000,2024-06-19,17:23:01,A0003,123.151113,32.345104,42.6,18.0,0,14,0,1,
1843,0,1718788991000,2024-06-19,17:23:11,A0003,123.152475,32.345152,42.8,26.0,0,14,0,1,
1843,0,1718789001000,2024-06-19,17:23:21,A0003,123.153908,32.345113,54.3,26.0,0,14,0,1,
1849,0,1718788459000,2024-06-19,17:14:19,A0003,123.151938,32.345053,27.0,0.0,0,14,0,1,
1849,0,1718788469000,2024-06-19,17:14:29,A0003,123.152687,32.34508,41.0,28.0,0,14,0,1,
1849,0,1718788479000,2024-06-19,17:14:39,A0003,123.154024,32.345011,50.0,25.0,0,14,0,1,
1850,0,1718786245000,2024-06-19,16:37:25,A0003,123.151098,32.345051,51.4,36.0,0,14,0,1,
1850,0,1718786255000,2024-06-19,16:37:35,A0003,123.152604,32.345135,53.4,17.0,0,14,0,1,
1850,0,1718786265000,2024-06-19,16:37:45,A0003,123.154156,32.345057999999995,55.3,19.0,0,14,0,1,
1862,0,1718874191000,2024-06-20,17:03:11,A0003,123.151215,32.345022,43.5,0.0,255,14,1,0,
1862,0,1718874201000,2024-06-20,17:03:21,A0003,123.152329,32.34505,38.0,24.0,255,14,0,1,
1862,0,1718874211000,2024-06-20,17:03:31,A0003,123.153547,32.345065000000005,42.9,21.0,255,14,0,1,
1870,0,1718616411000,2024-06-17,17:26:51,A0003,123.153462,32.345205,0.0,0.0,101,14,1,0,
1870,0,1718616441000,2024-06-17,17:27:21,A0003,123.152352,32.345177,34.5,29.0,0,14,0,1,
1870,0,1718616471000,2024-06-17,17:27:51,A0003,123.147839,32.344978000000005,56.2,15.0,0,14,0,1,
1882,0,1718874712000,2024-06-20,17:11:52,A0003,123.152153,32.34506,8.7,0.0,0,14,1,0,
1882,0,1718874722000,2024-06-20,17:12:02,A0003,123.15273,32.345085,44.4,44.0,0,14,0,1,
1882,0,1718874732000,2024-06-20,17:12:12,A0003,123.154174,32.345001,62.2,45.0,0,14,0,1,
1907,0,1718872222000,2024-06-20,16:30:22,A0003,123.15386399999998,32.34515,23.0,0.0,0,14,0,0,
1907,0,1718872252000,2024-06-20,16:30:52,A0003,123.152383,32.345187,21.0,0.0,0,14,0,0,
1907,0,1718872282000,2024-06-20,16:31:22,A0003,123.15116,32.345129,37.0,34.0,0,14,0,1,
1932,0,1718873648000,2024-06-20,16:54:08,A0003,123.153741,32.345133000000004,31.0,19.0,0,14,0,1,
1932,0,1718873678000,2024-06-20,16:54:38,A0003,123.152485,32.345163,37.0,27.0,0,14,0,1,
1932,0,1718873708000,2024-06-20,16:55:08,A0003,123.151308,32.345105,0.0,0.0,101,14,1,0,
1951,0,1718873426000,2024-06-20,16:50:26,A0003,123.151632,32.345051999999995,71.0,20.0,0,14,0,1,
1951,0,1718873436000,2024-06-20,16:50:36,A0003,123.152582,32.34509799999999,71.0,20.0,0,14,0,1,
1951,0,1718873446000,2024-06-20,16:50:46,A0003,123.153967,32.345049,71.0,20.0,0,14,0,1,
1956,1,1718874071000,2024-06-20,17:01:11,A0003,123.151673,32.345033,18.2,5.0,0,14,1,0,
1956,1,1718874081000,2024-06-20,17:01:21,A0003,123.152407,32.345067,27.0,14.0,0,14,1,0,
1956,1,1718874091000,2024-06-20,17:01:31,A0003,123.15354,32.345057999999995,52.0,23.0,0,14,0,1,
1970,0,1718872239000,2024-06-20,16:30:39,A0003,123.151878,32.345043,2.7,0.0,2,14,1,1,
1970,0,1718872249000,2024-06-20,16:30:49,A0003,123.152477,32.345068999999995,33.3,29.0,0,14,0,1,
1970,0,1718872259000,2024-06-20,16:30:59,A0003,123.153603,32.34507,42.3,29.0,0,14,0,1,
1987,0,1718700928000,2024-06-18,16:55:28,A0003,123.15286528571428,32.345177,0.0,0.0,11,14,1,0,16:56:28
1987,0,1718700998000,2024-06-18,16:56:38,A0003,123.152657,32.345167000000004,31.4,67.0,0,14,0,1,
1987,0,1718701008000,2024-06-18,16:56:48,A0003,123.151224,32.345117,56.2,53.0,0,14,0,1,
1995,0,1718702560000,2024-06-18,17:22:40,A0003,123.153308,32.34518,0.0,20.0,0,14,0,1,
1995,0,1718702570000,2024-06-18,17:22:50,A0003,123.152607,32.345177,31.5,16.0,0,14,1,0,
1995,0,1718702580000,2024-06-18,17:23:00,A0003,123.151671,32.345136999999994,19.8,0.0,0,14,1,0,
2000,0,1718699895000,2024-06-18,16:38:15,A0003,123.15205185714288,32.34511542857143,0.0,0.0,14,14,1,0,16:39:15
2000,0,1718699965000,2024-06-18,16:39:25,A0003,123.152404,32.345139,32.7,22.0,0,14,0,1,
2000,0,1718699975000,2024-06-18,16:39:35,A0003,123.153509,32.345122,41.2,15.0,0,14,0,1,
2006,0,1718615851000,2024-06-17,17:17:31,A0003,123.153116,32.3451605,0.0,0.0,24,14,1,0,17:17:59
2006,0,1718615907000,2024-06-17,17:18:27,A0003,123.152542,32.345156,31.4,23.0,0,14,0,1,
2006,0,1718615935000,2024-06-17,17:18:55,A0003,123.147057,32.344935,83.1,19.0,0,14,0,1,
2007,0,1718700630000,2024-06-18,16:50:30,A0003,123.151576,32.345093,23.3,16.0,2,14,0,1,
2007,0,1718700640000,2024-06-18,16:50:40,A0003,123.152616,32.34514299999999,41.9,0.0,2,14,1,0,
2007,0,1718700650000,2024-06-18,16:50:50,A0003,123.153809,32.345093,43.6,16.0,2,14,0,1,
2071,0,1718700506000,2024-06-18,16:48:26,A0003,123.152949,32.345225,20.1,43.0,0,14,0,1,
2071,0,1718700510000,2024-06-18,16:48:30,A0003,123.152633,32.345218,26.0,0.0,0,14,0,0,
2071,0,1718700520000,2024-06-18,16:48:40,A0003,123.151959,32.345178999999995,24.1,36.0,0,14,0,1,
2087,1,1718702064000,2024-06-18,17:14:24,A0003,123.151415,32.345059,38.5,12.0,0,14,1,0,
2087,1,1718702074000,2024-06-18,17:14:34,A0003,123.152572,32.345116,42.5,22.0,0,14,0,1,
2087,1,1718702084000,2024-06-18,17:14:44,A0003,123.153905,32.345079,46.8,27.0,0,14,0,1,
2091,0,1718699459000,2024-06-18,16:30:59,A0003,123.154059,32.345093,65.0,0.0,0,14,0,1,
2091,0,1718699469000,2024-06-18,16:31:09,A0003,123.152679,32.345158999999995,15.7,0.0,101,14,1,1,
2091,0,1718699479000,2024-06-18,16:31:19,A0003,123.152367,32.345142,14.7,35.0,0,14,0,1,
2091,0,1718699489000,2024-06-18,16:31:29,A0003,123.151826,32.345119999999994,28.2,7.0,0,14,0,1,
2113,0,1718959174000,2024-06-21,16:39:34,A0003,123.151189,32.345054,35.2,28.0,0,14,0,1,
2113,0,1718959184000,2024-06-21,16:39:44,A0003,123.152405,32.34511,44.9,25.0,0,14,0,1,
2113,0,1718959194000,2024-06-21,16:39:54,A0003,123.153904,32.34507,55.3,29.0,0,14,0,1,
2122,0,1718959621000,2024-06-21,16:47:01,A0003,123.1529015,32.345181,0.0,0.0,0,14,0,0,16:47:31
2122,0,1718959681000,2024-06-21,16:48:01,A0003,123.152648,32.34517,36.7,25.0,0,14,0,1,
2122,0,1718959711000,2024-06-21,16:48:31,A0003,123.150926,32.345093,59.4,50.0,0,14,0,1,
2123,0,1718960451000,2024-06-21,17:00:51,A0003,123.1518595,32.3450575,1.6,0.0,101,14,1,0,17:01:01
2123,0,1718960471000,2024-06-21,17:01:11,A0003,123.152353,32.345078,30.0,20.0,0,14,0,1,
2123,0,1718960481000,2024-06-21,17:01:21,A0003,123.153533,32.345089,44.8,15.0,0,14,0,1,
2147,0,1718961105000,2024-06-21,17:11:45,A0003,123.153744,32.345141,1.0,0.0,0,14,0,0,
2147,0,1718961135000,2024-06-21,17:12:15,A0003,123.152556,32.34516,33.0,26.0,0,14,0,1,
2147,0,1718961165000,2024-06-21,17:12:45,A0003,123.148513,32.34497399999999,59.0,20.0,0,14,0,1,
2163,0,1718615125000,2024-06-17,17:05:25,A0003,123.153483,32.34517099999999,30.5,64.0,0,14,0,1,
2163,0,1718615135000,2024-06-17,17:05:35,A0003,123.1525,32.34519,23.7,12.0,0,14,0,1,
2163,0,1718615145000,2024-06-17,17:05:45,A0003,123.151683,32.345157,30.6,14.0,0,14,0,1,
2191,0,1718614872000,2024-06-17,17:01:12,A0003,123.153399,32.345158000000005,14.5,20.0,0,14,0,1,
2191,0,1718614882000,2024-06-17,17:01:22,A0003,123.15268799999998,32.345157,32.6,23.0,0,14,0,1,
2191,0,1718614892000,2024-06-17,17:01:32,A0003,123.151517,32.345119999999994,50.1,38.0,0,14,0,1,
2223,0,1718613875000,2024-06-17,16:44:35,A0003,123.153016375,32.3451745,0.0,1.75,0,14,1,0,16:45:45
2223,0,1718613955000,2024-06-17,16:45:55,A0003,123.152417,32.345151,35.5,0.0,0,14,0,1,
2223,0,1718613965000,2024-06-17,16:46:05,A0003,123.151768,32.345124,13.8,10.0,0,14,0,1,
2225,0,1718875623000,2024-06-20,17:27:03,A0003,123.153901,32.345146,5.0,0.0,0,14,0,0,
2225,0,1718875653000,2024-06-20,17:27:33,A0003,123.152431,32.345192999999995,31.0,0.0,101,14,1,0,
2225,0,1718875683000,2024-06-20,17:28:03,A0003,123.148866,32.345026000000004,57.0,21.0,0,14,0,1,
2227,0,1718615430000,2024-06-17,17:10:30,A0003,123.152953,32.34521599999999,0.0,0.0,101,14,1,1,17:11:40
2227,0,1718615510000,2024-06-17,17:11:50,A0003,123.152727,32.345219,26.2,29.0,0,14,0,1,
2227,0,1718615520000,2024-06-17,17:12:00,A0003,123.15157,32.345174,43.9,20.0,0,14,0,1,
2238,0,1718615355000,2024-06-17,17:09:15,A0003,123.15203966666668,32.34510733333333,0.2666666666666666,0.0,13,14,1,0,17:09:35
2238,0,1718615385000,2024-06-17,17:09:45,A0003,123.152477,32.345130999999995,31.3,8.0,0,14,0,0,
2238,0,1718615395000,2024-06-17,17:09:55,A0003,123.153557,32.345116,42.3,14.0,0,14,0,1,
2240,0,1718615130000,2024-06-17,17:05:30,A0003,123.151957,32.345119,19.2,20.0,0,14,0,1,
2240,0,1718615140000,2024-06-17,17:05:40,A0003,123.152683,32.345157,28.2,23.0,0,14,0,1,
2240,0,1718615150000,2024-06-17,17:05:50,A0003,123.15368,32.345133000000004,33.7,18.0,0,14,0,1,
2245,0,1718616042000,2024-06-17,17:20:42,A0003,123.153505,32.345198999999994,18.4,22.0,0,14,0,1,
2245,0,1718616052000,2024-06-17,17:20:52,A0003,123.152667,32.345181,35.3,23.0,0,14,0,1,
2245,0,1718616062000,2024-06-17,17:21:02,A0003,123.151354,32.345128,51.1,34.0,0,14,0,1,
2261,0,1718958760000,2024-06-21,16:32:40,A0003,123.153293,32.345209000000004,0.0,0.0,0,14,0,0,
2261,0,1718958790000,2024-06-21,16:33:10,A0003,123.152385,32.345192,33.8,3.0,0,14,0,1,
2261,0,1718958820000,2024-06-21,16:33:40,A0003,123.147586,32.345011,62.6,24.0,0,14,0,1,
2282,0,1718786857000,2024-06-19,16:47:37,A0003,123.153967,32.34513,33.8,28.0,0,14,0,1,
2282,0,1718786887000,2024-06-19,16:48:07,A0003,123.152613,32.345185,35.9,36.0,0,14,0,1,
2282,0,1718786917000,2024-06-19,16:48:37,A0003,123.15092,32.345106,41.9,35.0,0,14,0,1,
2312,0,1718700356000,2024-06-18,16:45:56,A0003,123.157399,32.343338,70.0,17.0,0,14,0,1,
2312,0,1718700386000,2024-06-18,16:46:26,A0003,123.152632,32.3452,45.0,7.0,0,14,0,1,
2312,0,1718700416000,2024-06-18,16:46:56,A0003,123.148245,32.344987,65.0,16.0,0,14,0,1,
2382,0,1718702417000,2024-06-18,17:20:17,A0003,123.151355,32.34506,36.0,7.0,0,14,0,1,
2382,0,1718702447000,2024-06-18,17:20:47,A0003,123.152716,32.34511,37.0,17.0,0,14,0,1,
2382,0,1718702477000,2024-06-18,17:21:17,A0003,123.156229,32.344238,60.0,29.0,0,14,0,1,
2432,0,1718962171000,2024-06-21,17:29:31,A0003,123.151686,32.345046999999994,29.9,8.0,0,14,0,1,
2432,0,1718962181000,2024-06-21,17:29:41,A0003,123.152565,32.345089,36.5,15.0,0,14,0,1,
2432,0,1718962191000,2024-06-21,17:29:51,A0003,123.153742,32.345067,44.5,12.0,0,14,0,0,
2480,0,1718613545000,2024-06-17,16:39:05,A0003,123.153371,32.345177,11.0,0.0,101,14,1,0,
2480,0,1718613575000,2024-06-17,16:39:35,A0003,123.15243,32.345158999999995,33.0,22.0,0,14,0,1,
2480,0,1718613605000,2024-06-17,16:40:05,A0003,123.148158,32.344956,60.0,20.0,0,14,0,1,
2486,0,1718613820000,2024-06-17,16:43:40,A0003,123.153144,32.345163,23.5,40.0,0,14,0,1,
2486,0,1718613830000,2024-06-17,16:43:50,A0003,123.152504,32.34515,19.0,0.0,101,14,1,1,
2486,0,1718613840000,2024-06-17,16:44:00,A0003,123.151955,32.34512599999999,10.9,35.0,0,14,0,1,
2559,0,1718874174000,2024-06-20,17:02:54,A0003,123.148905,32.34493,74.4,22.0,0,14,0,1,
2559,0,1718874202000,2024-06-20,17:03:22,A0003,123.1526,32.345083,38.7,28.0,0,14,0,1,
2559,0,1718874230000,2024-06-20,17:03:50,A0003,123.156163,32.344261,44.7,31.0,0,14,0,1,
2603,0,1718699817000,2024-06-18,16:36:57,A0003,123.151907,32.345068999999995,0.0,0.0,101,14,1,0,
2603,0,1718699847000,2024-06-18,16:37:27,A0003,123.152673,32.345099,28.0,20.0,0,14,0,1,
2603,0,1718699877000,2024-06-18,16:37:57,A0003,123.155924,32.344417,47.0,19.0,0,14,0,1,
2607,0,1718959237000,2024-06-21,16:40:37,A0003,123.15215533333333,32.345074833333335,0.0,0.0,13,14,1,1,16:41:27
2607,0,1718959297000,2024-06-21,16:41:37,A0003,123.152517,32.345115,31.4,43.0,0,14,0,1,
2607,0,1718959307000,2024-06-21,16:41:47,A0003,123.153612,32.345097,40.3,48.0,0,14,0,1,
2779,0,1718875351000,2024-06-20,17:22:31,A0003,123.149218,32.34492899999999,55.6,0.0,0,14,0,0,
2779,0,1718875379000,2024-06-20,17:22:59,A0003,123.152738,32.345071999999995,47.0,22.0,0,14,0,1,
2779,0,1718875407000,2024-06-20,17:23:27,A0003,123.156585,32.343971999999994,57.7,0.0,0,14,0,0,
