lag_s,ac_smooth,group_key
100.000000,-2.334297,A0003|A1-1|0|2024-06-17
101.000000,-2.495751,A0003|A1-1|0|2024-06-17
102.000000,-2.257216,A0003|A1-1|0|2024-06-17
103.000000,-0.657270,A0003|A1-1|0|2024-06-17
104.000000,1.192675,A0003|A1-1|0|2024-06-17
105.000000,3.342621,A0003|A1-1|0|2024-06-17
106.000000,5.642566,A0003|A1-1|0|2024-06-17
107.000000,8.092512,A0003|A1-1|0|2024-06-17
108.000000,10.642457,A0003|A1-1|0|2024-06-17
109.000000,13.292403,A0003|A1-1|0|2024-06-17
110.000000,15.892348,A0003|A1-1|0|2024-06-17
111.000000,18.442294,A0003|A1-1|0|2024-06-17
112.000000,20.942239,A0003|A1-1|0|2024-06-17
113.000000,23.442185,A0003|A1-1|0|2024-06-17
114.000000,25.942130,A0003|A1-1|0|2024-06-17
115.000000,28.592076,A0003|A1-1|0|2024-06-17
116.000000,31.392021,A0003|A1-1|0|2024-06-17
117.000000,34.391967,A0003|A1-1|0|2024-06-17
118.000000,37.541913,A0003|A1-1|0|2024-06-17
119.000000,40.741858,A0003|A1-1|0|2024-06-17
120.000000,43.591804,A0003|A1-1|0|2024-06-17
121.000000,45.941749,A0003|A1-1|0|2024-06-17
122.000000,47.741695,A0003|A1-1|0|2024-06-17
123.000000,49.041640,A0003|A1-1|0|2024-06-17
124.000000,49.941586,A0003|A1-1|0|2024-06-17
125.000000,50.441531,A0003|A1-1|0|2024-06-17
126.000000,50.641477,A0003|A1-1|0|2024-06-17
127.000000,50.591422,A0003|A1-1|0|2024-06-17
128.000000,50.091368,A0003|A1-1|0|2024-06-17
129.000000,49.141313,A0003|A1-1|0|2024-06-17
130.000000,47.991259,A0003|A1-1|0|2024-06-17
131.000000,46.691205,A0003|A1-1|0|2024-06-17
132.000000,45.191150,A0003|A1-1|0|2024-06-17
133.000000,43.691096,A0003|A1-1|0|2024-06-17
134.000000,42.191041,A0003|A1-1|0|2024-06-17
135.000000,40.540987,A0003|A1-1|0|2024-06-17
136.000000,38.740932,A0003|A1-1|0|2024-06-17
137.000000,36.640878,A0003|A1-1|0|2024-06-17
138.000000,34.240823,A0003|A1-1|0|2024-06-17
139.000000,31.540769,A0003|A1-1|0|2024-06-17
140.000000,28.890714,A0003|A1-1|0|2024-06-17
141.000000,26.290660,A0003|A1-1|0|2024-06-17
142.000000,23.890605,A0003|A1-1|0|2024-06-17
143.000000,21.690551,A0003|A1-1|0|2024-06-17
144.000000,19.690496,A0003|A1-1|0|2024-06-17
145.000000,17.790442,A0003|A1-1|0|2024-06-17
146.000000,16.040388,A0003|A1-1|0|2024-06-17
147.000000,14.290333,A0003|A1-1|0|2024-06-17
148.000000,12.640279,A0003|A1-1|0|2024-06-17
149.000000,11.090224,A0003|A1-1|0|2024-06-17
150.000000,9.540170,A0003|A1-1|0|2024-06-17
151.000000,7.940115,A0003|A1-1|0|2024-06-17
152.000000,6.440061,A0003|A1-1|0|2024-06-17
153.000000,4.940006,A0003|A1-1|0|2024-06-17
154.000000,3.439952,A0003|A1-1|0|2024-06-17
155.000000,1.989897,A0003|A1-1|0|2024-06-17
156.000000,0.589843,A0003|A1-1|0|2024-06-17
157.000000,-0.660212,A0003|A1-1|0|2024-06-17
158.000000,-1.760266,A0003|A1-1|0|2024-06-17
159.000000,-2.710321,A0003|A1-1|0|2024-06-17
160.000000,-3.610375,A0003|A1-1|0|2024-06-17
161.000000,-4.410429,A0003|A1-1|0|2024-06-17
162.000000,-5.210484,A0003|A1-1|0|2024-06-17
163.000000,-6.010538,A0003|A1-1|0|2024-06-17
164.000000,-6.810593,A0003|A1-1|0|2024-06-17
165.000000,-7.560647,A0003|A1-1|0|2024-06-17
166.000000,-8.310702,A0003|A1-1|0|2024-06-17
167.000000,-8.960756,A0003|A1-1|0|2024-06-17
168.000000,-9.560811,A0003|A1-1|0|2024-06-17
169.000000,-10.110865,A0003|A1-1|0|2024-06-17
170.000000,-10.610920,A0003|A1-1|0|2024-06-17
171.000000,-11.060974,A0003|A1-1|0|2024-06-17
172.000000,-11.561029,A0003|A1-1|0|2024-06-17
173.000000,-12.061083,A0003|A1-1|0|2024-06-17
174.000000,-12.561138,A0003|A1-1|0|2024-06-17
175.000000,-13.061192,A0003|A1-1|0|2024-06-17
176.000000,-13.611246,A0003|A1-1|0|2024-06-17
177.000000,-14.261301,A0003|A1-1|0|2024-06-17
178.000000,-15.011355,A0003|A1-1|0|2024-06-17
179.000000,-15.861410,A0003|A1-1|0|2024-06-17
180.000000,-16.811464,A0003|A1-1|0|2024-06-17
181.000000,-17.811519,A0003|A1-1|0|2024-06-17
182.000000,-18.811573,A0003|A1-1|0|2024-06-17
183.000000,-19.861628,A0003|A1-1|0|2024-06-17
184.000000,-20.961682,A0003|A1-1|0|2024-06-17
185.000000,-22.111737,A0003|A1-1|0|2024-06-17
186.000000,-23.261791,A0003|A1-1|0|2024-06-17
187.000000,-24.411846,A0003|A1-1|0|2024-06-17
188.000000,-25.361900,A0003|A1-1|0|2024-06-17
189.000000,-26.111954,A0003|A1-1|0|2024-06-17
190.000000,-26.662009,A0003|A1-1|0|2024-06-17
191.000000,-27.062063,A0003|A1-1|0|2024-06-17
192.000000,-27.312118,A0003|A1-1|0|2024-06-17
193.000000,-27.562172,A0003|A1-1|0|2024-06-17
194.000000,-27.812227,A0003|A1-1|0|2024-06-17
195.000000,-28.062281,A0003|A1-1|0|2024-06-17
196.000000,-28.312336,A0003|A1-1|0|2024-06-17
197.000000,-28.462390,A0003|A1-1|0|2024-06-17
198.000000,-28.512445,A0003|A1-1|0|2024-06-17
199.000000,-22.849978,A0003|A1-1|0|2024-06-17
200.000000,-17.137499,A0003|A1-1|0|2024-06-17
100.000000,0.122080,A0003|A1-1|0|2024-06-18
101.000000,0.862565,A0003|A1-1|0|2024-06-18
102.000000,1.902945,A0003|A1-1|0|2024-06-18
103.000000,3.552423,A0003|A1-1|0|2024-06-18
104.000000,5.201901,A0003|A1-1|0|2024-06-18
105.000000,6.851379,A0003|A1-1|0|2024-06-18
106.000000,8.500857,A0003|A1-1|0|2024-06-18
107.000000,10.200335,A0003|A1-1|0|2024-06-18
108.000000,11.799813,A0003|A1-1|0|2024-06-18
109.000000,13.249291,A0003|A1-1|0|2024-06-18
110.000000,14.548769,A0003|A1-1|0|2024-06-18
111.000000,15.798248,A0003|A1-1|0|2024-06-18
112.000000,16.997726,A0003|A1-1|0|2024-06-18
113.000000,18.297204,A0003|A1-1|0|2024-06-18
114.000000,19.696682,A0003|A1-1|0|2024-06-18
115.000000,21.146160,A0003|A1-1|0|2024-06-18
116.000000,22.495638,A0003|A1-1|0|2024-06-18
117.000000,23.745116,A0003|A1-1|0|2024-06-18
118.000000,24.894594,A0003|A1-1|0|2024-06-18
119.000000,25.944072,A0003|A1-1|0|2024-06-18
120.000000,26.943550,A0003|A1-1|0|2024-06-18
121.000000,27.943028,A0003|A1-1|0|2024-06-18
122.000000,28.942506,A0003|A1-1|0|2024-06-18
123.000000,29.941984,A0003|A1-1|0|2024-06-18
124.000000,30.891462,A0003|A1-1|0|2024-06-18
125.000000,31.790940,A0003|A1-1|0|2024-06-18
126.000000,32.640418,A0003|A1-1|0|2024-06-18
127.000000,33.439896,A0003|A1-1|0|2024-06-18
128.000000,34.239374,A0003|A1-1|0|2024-06-18
129.000000,35.088852,A0003|A1-1|0|2024-06-18
130.000000,35.888330,A0003|A1-1|0|2024-06-18
131.000000,36.387808,A0003|A1-1|0|2024-06-18
132.000000,36.487286,A0003|A1-1|0|2024-06-18
133.000000,36.136765,A0003|A1-1|0|2024-06-18
134.000000,35.336243,A0003|A1-1|0|2024-06-18
135.000000,34.185721,A0003|A1-1|0|2024-06-18
136.000000,32.935199,A0003|A1-1|0|2024-06-18
137.000000,31.684677,A0003|A1-1|0|2024-06-18
138.000000,30.434155,A0003|A1-1|0|2024-06-18
139.000000,29.183633,A0003|A1-1|0|2024-06-18
140.000000,27.933111,A0003|A1-1|0|2024-06-18
141.000000,26.632589,A0003|A1-1|0|2024-06-18
142.000000,25.282067,A0003|A1-1|0|2024-06-18
143.000000,23.881545,A0003|A1-1|0|2024-06-18
144.000000,22.431023,A0003|A1-1|0|2024-06-18
145.000000,20.930501,A0003|A1-1|0|2024-06-18
146.000000,19.429979,A0003|A1-1|0|2024-06-18
147.000000,17.929457,A0003|A1-1|0|2024-06-18
148.000000,16.428935,A0003|A1-1|0|2024-06-18
149.000000,14.928413,A0003|A1-1|0|2024-06-18
150.000000,13.527891,A0003|A1-1|0|2024-06-18
151.000000,12.327369,A0003|A1-1|0|2024-06-18
152.000000,11.326847,A0003|A1-1|0|2024-06-18
153.000000,10.476325,A0003|A1-1|0|2024-06-18
154.000000,9.775803,A0003|A1-1|0|2024-06-18
155.000000,9.125282,A0003|A1-1|0|2024-06-18
156.000000,8.324760,A0003|A1-1|0|2024-06-18
157.000000,7.426522,A0003|A1-1|0|2024-06-18
158.000000,6.480570,A0003|A1-1|0|2024-06-18
159.000000,5.486901,A0003|A1-1|0|2024-06-18
160.000000,4.495518,A0003|A1-1|0|2024-06-18
161.000000,3.606419,A0003|A1-1|0|2024-06-18
162.000000,2.767320,A0003|A1-1|0|2024-06-18
163.000000,1.978222,A0003|A1-1|0|2024-06-18
164.000000,1.239123,A0003|A1-1|0|2024-06-18
165.000000,0.450024,A0003|A1-1|0|2024-06-18
166.000000,-0.439075,A0003|A1-1|0|2024-06-18
167.000000,-1.428173,A0003|A1-1|0|2024-06-18
168.000000,-2.517272,A0003|A1-1|0|2024-06-18
169.000000,-3.706371,A0003|A1-1|0|2024-06-18
170.000000,-4.945470,A0003|A1-1|0|2024-06-18
171.000000,-6.184569,A0003|A1-1|0|2024-06-18
172.000000,-7.423667,A0003|A1-1|0|2024-06-18
173.000000,-8.662766,A0003|A1-1|0|2024-06-18
174.000000,-9.901865,A0003|A1-1|0|2024-06-18
175.000000,-11.090964,A0003|A1-1|0|2024-06-18
176.000000,-12.180063,A0003|A1-1|0|2024-06-18
177.000000,-13.171446,A0003|A1-1|0|2024-06-18
178.000000,-14.015114,A0003|A1-1|0|2024-06-18
179.000000,-14.711067,A0003|A1-1|0|2024-06-18
180.000000,-15.359304,A0003|A1-1|0|2024-06-18
181.000000,-16.009826,A0003|A1-1|0|2024-06-18
182.000000,-16.660348,A0003|A1-1|0|2024-06-18
183.000000,-17.360870,A0003|A1-1|0|2024-06-18
184.000000,-18.111392,A0003|A1-1|0|2024-06-18
185.000000,-18.861914,A0003|A1-1|0|2024-06-18
186.000000,-19.612436,A0003|A1-1|0|2024-06-18
187.000000,-20.362958,A0003|A1-1|0|2024-06-18
188.000000,-21.113480,A0003|A1-1|0|2024-06-18
189.000000,-21.864002,A0003|A1-1|0|2024-06-18
190.000000,-22.614524,A0003|A1-1|0|2024-06-18
191.000000,-23.165046,A0003|A1-1|0|2024-06-18
192.000000,-23.515568,A0003|A1-1|0|2024-06-18
193.000000,-23.666089,A0003|A1-1|0|2024-06-18
194.000000,-23.616611,A0003|A1-1|0|2024-06-18
195.000000,-23.267133,A0003|A1-1|0|2024-06-18
196.000000,-22.817655,A0003|A1-1|0|2024-06-18
197.000000,-22.268177,A0003|A1-1|0|2024-06-18
198.000000,-21.618699,A0003|A1-1|0|2024-06-18
199.000000,-16.995168,A0003|A1-1|0|2024-06-18
200.000000,-12.521533,A0003|A1-1|0|2024-06-18
100.000000,19.163929,A0003|A1-1|0|2024-06-19
101.000000,26.651736,A0003|A1-1|0|2024-06-19
102.000000,34.689459,A0003|A1-1|0|2024-06-19
103.000000,37.489036,A0003|A1-1|0|2024-06-19
104.000000,40.288614,A0003|A1-1|0|2024-06-19
105.000000,42.988191,A0003|A1-1|0|2024-06-19
106.000000,45.687769,A0003|A1-1|0|2024-06-19
107.000000,48.387346,A0003|A1-1|0|2024-06-19
108.000000,50.986924,A0003|A1-1|0|2024-06-19
109.000000,53.536501,A0003|A1-1|0|2024-06-19
110.000000,56.136079,A0003|A1-1|0|2024-06-19
111.000000,58.685657,A0003|A1-1|0|2024-06-19
112.000000,61.335234,A0003|A1-1|0|2024-06-19
113.000000,64.034812,A0003|A1-1|0|2024-06-19
114.000000,66.784389,A0003|A1-1|0|2024-06-19
115.000000,69.433967,A0003|A1-1|0|2024-06-19
116.000000,71.983544,A0003|A1-1|0|2024-06-19
117.000000,74.283122,A0003|A1-1|0|2024-06-19
118.000000,76.432699,A0003|A1-1|0|2024-06-19
119.000000,78.432277,A0003|A1-1|0|2024-06-19
120.000000,80.431854,A0003|A1-1|0|2024-06-19
121.000000,82.431432,A0003|A1-1|0|2024-06-19
122.000000,84.431009,A0003|A1-1|0|2024-06-19
123.000000,86.180587,A0003|A1-1|0|2024-06-19
124.000000,87.580164,A0003|A1-1|0|2024-06-19
125.000000,88.479742,A0003|A1-1|0|2024-06-19
126.000000,88.679319,A0003|A1-1|0|2024-06-19
127.000000,88.178897,A0003|A1-1|0|2024-06-19
128.000000,87.228474,A0003|A1-1|0|2024-06-19
129.000000,85.878052,A0003|A1-1|0|2024-06-19
130.000000,84.277629,A0003|A1-1|0|2024-06-19
131.000000,82.627207,A0003|A1-1|0|2024-06-19
132.000000,80.626784,A0003|A1-1|0|2024-06-19
133.000000,78.276362,A0003|A1-1|0|2024-06-19
134.000000,75.625939,A0003|A1-1|0|2024-06-19
135.000000,72.675517,A0003|A1-1|0|2024-06-19
136.000000,69.425094,A0003|A1-1|0|2024-06-19
137.000000,66.174672,A0003|A1-1|0|2024-06-19
138.000000,62.924249,A0003|A1-1|0|2024-06-19
139.000000,59.673827,A0003|A1-1|0|2024-06-19
140.000000,56.423404,A0003|A1-1|0|2024-06-19
141.000000,53.222982,A0003|A1-1|0|2024-06-19
142.000000,50.072559,A0003|A1-1|0|2024-06-19
143.000000,47.072137,A0003|A1-1|0|2024-06-19
144.000000,44.271714,A0003|A1-1|0|2024-06-19
145.000000,41.621292,A0003|A1-1|0|2024-06-19
146.000000,39.170869,A0003|A1-1|0|2024-06-19
147.000000,36.920447,A0003|A1-1|0|2024-06-19
148.000000,34.770024,A0003|A1-1|0|2024-06-19
149.000000,32.719602,A0003|A1-1|0|2024-06-19
150.000000,30.769180,A0003|A1-1|0|2024-06-19
151.000000,28.718757,A0003|A1-1|0|2024-06-19
152.000000,26.620390,A0003|A1-1|0|2024-06-19
153.000000,24.474078,A0003|A1-1|0|2024-06-19
154.000000,22.229822,A0003|A1-1|0|2024-06-19
155.000000,19.937622,A0003|A1-1|0|2024-06-19
156.000000,17.697476,A0003|A1-1|0|2024-06-19
157.000000,15.457331,A0003|A1-1|0|2024-06-19
158.000000,13.167186,A0003|A1-1|0|2024-06-19
159.000000,10.827041,A0003|A1-1|0|2024-06-19
160.000000,8.436895,A0003|A1-1|0|2024-06-19
161.000000,5.896750,A0003|A1-1|0|2024-06-19
162.000000,3.206605,A0003|A1-1|0|2024-06-19
163.000000,0.416460,A0003|A1-1|0|2024-06-19
164.000000,-2.473686,A0003|A1-1|0|2024-06-19
165.000000,-5.263831,A0003|A1-1|0|2024-06-19
166.000000,-7.803976,A0003|A1-1|0|2024-06-19
167.000000,-10.094121,A0003|A1-1|0|2024-06-19
168.000000,-12.134267,A0003|A1-1|0|2024-06-19
169.000000,-13.874412,A0003|A1-1|0|2024-06-19
170.000000,-15.414557,A0003|A1-1|0|2024-06-19
171.000000,-16.704702,A0003|A1-1|0|2024-06-19
172.000000,-17.648958,A0003|A1-1|0|2024-06-19
173.000000,-18.247325,A0003|A1-1|0|2024-06-19
174.000000,-18.549803,A0003|A1-1|0|2024-06-19
175.000000,-18.656392,A0003|A1-1|0|2024-06-19
176.000000,-18.667092,A0003|A1-1|0|2024-06-19
177.000000,-18.677792,A0003|A1-1|0|2024-06-19
178.000000,-18.738491,A0003|A1-1|0|2024-06-19
179.000000,-18.849191,A0003|A1-1|0|2024-06-19
180.000000,-19.009891,A0003|A1-1|0|2024-06-19
181.000000,-19.220591,A0003|A1-1|0|2024-06-19
182.000000,-19.481290,A0003|A1-1|0|2024-06-19
183.000000,-19.741990,A0003|A1-1|0|2024-06-19
184.000000,-20.002690,A0003|A1-1|0|2024-06-19
185.000000,-20.263390,A0003|A1-1|0|2024-06-19
186.000000,-20.524089,A0003|A1-1|0|2024-06-19
187.000000,-20.784789,A0003|A1-1|0|2024-06-19
188.000000,-21.045489,A0003|A1-1|0|2024-06-19
189.000000,-21.306189,A0003|A1-1|0|2024-06-19
190.000000,-21.566888,A0003|A1-1|0|2024-06-19
191.000000,-21.827588,A0003|A1-1|0|2024-06-19
192.000000,-22.138288,A0003|A1-1|0|2024-06-19
193.000000,-22.398987,A0003|A1-1|0|2024-06-19
194.000000,-22.609687,A0003|A1-1|0|2024-06-19
195.000000,-22.670387,A0003|A1-1|0|2024-06-19
196.000000,-22.531087,A0003|A1-1|0|2024-06-19
197.000000,-22.141786,A0003|A1-1|0|2024-06-19
198.000000,-21.602486,A0003|A1-1|0|2024-06-19
199.000000,-17.026269,A0003|A1-1|0|2024-06-19
200.000000,-12.547912,A0003|A1-1|0|2024-06-19
100.000000,-0.575214,A0003|A1-1|0|2024-06-20
101.000000,-0.150472,A0003|A1-1|0|2024-06-20
102.000000,0.574178,A0003|A1-1|0|2024-06-20
103.000000,2.123713,A0003|A1-1|0|2024-06-20
104.000000,3.623247,A0003|A1-1|0|2024-06-20
105.000000,5.022782,A0003|A1-1|0|2024-06-20
106.000000,6.272317,A0003|A1-1|0|2024-06-20
107.000000,7.371852,A0003|A1-1|0|2024-06-20
108.000000,8.421387,A0003|A1-1|0|2024-06-20
109.000000,9.420922,A0003|A1-1|0|2024-06-20
110.000000,10.470457,A0003|A1-1|0|2024-06-20
111.000000,11.569991,A0003|A1-1|0|2024-06-20
112.000000,12.719526,A0003|A1-1|0|2024-06-20
113.000000,13.769061,A0003|A1-1|0|2024-06-20
114.000000,14.718596,A0003|A1-1|0|2024-06-20
115.000000,15.568131,A0003|A1-1|0|2024-06-20
116.000000,16.367666,A0003|A1-1|0|2024-06-20
117.000000,17.067200,A0003|A1-1|0|2024-06-20
118.000000,17.716735,A0003|A1-1|0|2024-06-20
119.000000,18.316270,A0003|A1-1|0|2024-06-20
120.000000,18.865805,A0003|A1-1|0|2024-06-20
121.000000,19.365340,A0003|A1-1|0|2024-06-20
122.000000,19.864875,A0003|A1-1|0|2024-06-20
123.000000,20.364409,A0003|A1-1|0|2024-06-20
124.000000,20.913944,A0003|A1-1|0|2024-06-20
125.000000,21.513479,A0003|A1-1|0|2024-06-20
126.000000,22.263014,A0003|A1-1|0|2024-06-20
127.000000,23.162549,A0003|A1-1|0|2024-06-20
128.000000,24.012084,A0003|A1-1|0|2024-06-20
129.000000,24.761619,A0003|A1-1|0|2024-06-20
130.000000,25.361153,A0003|A1-1|0|2024-06-20
131.000000,25.710688,A0003|A1-1|0|2024-06-20
132.000000,25.810223,A0003|A1-1|0|2024-06-20
133.000000,25.859758,A0003|A1-1|0|2024-06-20
134.000000,25.859293,A0003|A1-1|0|2024-06-20
135.000000,25.758828,A0003|A1-1|0|2024-06-20
136.000000,25.558362,A0003|A1-1|0|2024-06-20
137.000000,25.257897,A0003|A1-1|0|2024-06-20
138.000000,24.807432,A0003|A1-1|0|2024-06-20
139.000000,24.206967,A0003|A1-1|0|2024-06-20
140.000000,23.556502,A0003|A1-1|0|2024-06-20
141.000000,22.856037,A0003|A1-1|0|2024-06-20
142.000000,22.105571,A0003|A1-1|0|2024-06-20
143.000000,21.355106,A0003|A1-1|0|2024-06-20
144.000000,20.504641,A0003|A1-1|0|2024-06-20
145.000000,19.554176,A0003|A1-1|0|2024-06-20
146.000000,18.403711,A0003|A1-1|0|2024-06-20
147.000000,17.053246,A0003|A1-1|0|2024-06-20
148.000000,15.502781,A0003|A1-1|0|2024-06-20
149.000000,13.852315,A0003|A1-1|0|2024-06-20
150.000000,12.151850,A0003|A1-1|0|2024-06-20
151.000000,10.501385,A0003|A1-1|0|2024-06-20
152.000000,8.900920,A0003|A1-1|0|2024-06-20
153.000000,7.350455,A0003|A1-1|0|2024-06-20
154.000000,5.849990,A0003|A1-1|0|2024-06-20
155.000000,4.449524,A0003|A1-1|0|2024-06-20
156.000000,3.149059,A0003|A1-1|0|2024-06-20
157.000000,1.948594,A0003|A1-1|0|2024-06-20
158.000000,0.848129,A0003|A1-1|0|2024-06-20
159.000000,-0.152336,A0003|A1-1|0|2024-06-20
160.000000,-1.152801,A0003|A1-1|0|2024-06-20
161.000000,-2.153267,A0003|A1-1|0|2024-06-20
162.000000,-3.153732,A0003|A1-1|0|2024-06-20
163.000000,-4.154197,A0003|A1-1|0|2024-06-20
164.000000,-5.154662,A0003|A1-1|0|2024-06-20
165.000000,-6.155127,A0003|A1-1|0|2024-06-20
166.000000,-7.105592,A0003|A1-1|0|2024-06-20
167.000000,-8.006057,A0003|A1-1|0|2024-06-20
168.000000,-8.906523,A0003|A1-1|0|2024-06-20
169.000000,-9.856988,A0003|A1-1|0|2024-06-20
170.000000,-10.857453,A0003|A1-1|0|2024-06-20
171.000000,-11.957918,A0003|A1-1|0|2024-06-20
172.000000,-13.158383,A0003|A1-1|0|2024-06-20
173.000000,-14.458848,A0003|A1-1|0|2024-06-20
174.000000,-15.859314,A0003|A1-1|0|2024-06-20
175.000000,-17.359779,A0003|A1-1|0|2024-06-20
176.000000,-18.960244,A0003|A1-1|0|2024-06-20
177.000000,-20.660709,A0003|A1-1|0|2024-06-20
178.000000,-22.311174,A0003|A1-1|0|2024-06-20
179.000000,-23.861639,A0003|A1-1|0|2024-06-20
180.000000,-25.362105,A0003|A1-1|0|2024-06-20
181.000000,-26.812570,A0003|A1-1|0|2024-06-20
182.000000,-28.213035,A0003|A1-1|0|2024-06-20
183.000000,-29.663500,A0003|A1-1|0|2024-06-20
184.000000,-31.163965,A0003|A1-1|0|2024-06-20
185.000000,-32.664430,A0003|A1-1|0|2024-06-20
186.000000,-34.164895,A0003|A1-1|0|2024-06-20
187.000000,-35.665361,A0003|A1-1|0|2024-06-20
188.000000,-37.115826,A0003|A1-1|0|2024-06-20
189.000000,-38.416291,A0003|A1-1|0|2024-06-20
190.000000,-39.566756,A0003|A1-1|0|2024-06-20
191.000000,-40.567221,A0003|A1-1|0|2024-06-20
192.000000,-41.417686,A0003|A1-1|0|2024-06-20
193.000000,-42.068152,A0003|A1-1|0|2024-06-20
194.000000,-42.568617,A0003|A1-1|0|2024-06-20
195.000000,-42.919082,A0003|A1-1|0|2024-06-20
196.000000,-43.119547,A0003|A1-1|0|2024-06-20
197.000000,-43.170012,A0003|A1-1|0|2024-06-20
198.000000,-43.170477,A0003|A1-1|0|2024-06-20
199.000000,-34.536568,A0003|A1-1|0|2024-06-20
200.000000,-25.902566,A0003|A1-1|0|2024-06-20
100.000000,-12.628703,A0003|A1-1|0|2024-06-21
101.000000,-16.055320,A0003|A1-1|0|2024-06-21
102.000000,-19.082128,A0003|A1-1|0|2024-06-21
103.000000,-17.133083,A0003|A1-1|0|2024-06-21
104.000000,-14.984038,A0003|A1-1|0|2024-06-21
105.000000,-12.634994,A0003|A1-1|0|2024-06-21
106.000000,-10.135949,A0003|A1-1|0|2024-06-21
107.000000,-7.386905,A0003|A1-1|0|2024-06-21
108.000000,-4.487860,A0003|A1-1|0|2024-06-21
109.000000,-1.588816,A0003|A1-1|0|2024-06-21
110.000000,1.260229,A0003|A1-1|0|2024-06-21
111.000000,4.109273,A0003|A1-1|0|2024-06-21
112.000000,6.708318,A0003|A1-1|0|2024-06-21
113.000000,9.157362,A0003|A1-1|0|2024-06-21
114.000000,11.456407,A0003|A1-1|0|2024-06-21
115.000000,13.605451,A0003|A1-1|0|2024-06-21
116.000000,15.604496,A0003|A1-1|0|2024-06-21
117.000000,17.753540,A0003|A1-1|0|2024-06-21
118.000000,20.052585,A0003|A1-1|0|2024-06-21
119.000000,22.501630,A0003|A1-1|0|2024-06-21
120.000000,25.000674,A0003|A1-1|0|2024-06-21
121.000000,27.549719,A0003|A1-1|0|2024-06-21
122.000000,29.998763,A0003|A1-1|0|2024-06-21
123.000000,32.347808,A0003|A1-1|0|2024-06-21
124.000000,34.246852,A0003|A1-1|0|2024-06-21
125.000000,35.695897,A0003|A1-1|0|2024-06-21
126.000000,36.694941,A0003|A1-1|0|2024-06-21
127.000000,37.143986,A0003|A1-1|0|2024-06-21
128.000000,37.043030,A0003|A1-1|0|2024-06-21
129.000000,36.742075,A0003|A1-1|0|2024-06-21
130.000000,36.391119,A0003|A1-1|0|2024-06-21
131.000000,35.990164,A0003|A1-1|0|2024-06-21
132.000000,35.689209,A0003|A1-1|0|2024-06-21
133.000000,35.488253,A0003|A1-1|0|2024-06-21
134.000000,35.437298,A0003|A1-1|0|2024-06-21
135.000000,35.486342,A0003|A1-1|0|2024-06-21
136.000000,35.635387,A0003|A1-1|0|2024-06-21
137.000000,35.584431,A0003|A1-1|0|2024-06-21
138.000000,35.333476,A0003|A1-1|0|2024-06-21
139.000000,34.632520,A0003|A1-1|0|2024-06-21
140.000000,33.481565,A0003|A1-1|0|2024-06-21
141.000000,31.880609,A0003|A1-1|0|2024-06-21
142.000000,30.079654,A0003|A1-1|0|2024-06-21
143.000000,28.078698,A0003|A1-1|0|2024-06-21
144.000000,25.977743,A0003|A1-1|0|2024-06-21
145.000000,23.826787,A0003|A1-1|0|2024-06-21
146.000000,21.625832,A0003|A1-1|0|2024-06-21
147.000000,19.374877,A0003|A1-1|0|2024-06-21
148.000000,17.073921,A0003|A1-1|0|2024-06-21
149.000000,14.922966,A0003|A1-1|0|2024-06-21
150.000000,12.872010,A0003|A1-1|0|2024-06-21
151.000000,10.921055,A0003|A1-1|0|2024-06-21
152.000000,9.070099,A0003|A1-1|0|2024-06-21
153.000000,7.319144,A0003|A1-1|0|2024-06-21
154.000000,5.568188,A0003|A1-1|0|2024-06-21
155.000000,3.817233,A0003|A1-1|0|2024-06-21
156.000000,2.016277,A0003|A1-1|0|2024-06-21
157.000000,0.365322,A0003|A1-1|0|2024-06-21
158.000000,-1.135634,A0003|A1-1|0|2024-06-21
159.000000,-2.436589,A0003|A1-1|0|2024-06-21
160.000000,-3.587545,A0003|A1-1|0|2024-06-21
161.000000,-4.538500,A0003|A1-1|0|2024-06-21
162.000000,-5.489455,A0003|A1-1|0|2024-06-21
163.000000,-6.440411,A0003|A1-1|0|2024-06-21
164.000000,-7.441366,A0003|A1-1|0|2024-06-21
165.000000,-8.442322,A0003|A1-1|0|2024-06-21
166.000000,-9.393277,A0003|A1-1|0|2024-06-21
167.000000,-10.294233,A0003|A1-1|0|2024-06-21
168.000000,-11.245188,A0003|A1-1|0|2024-06-21
169.000000,-12.246144,A0003|A1-1|0|2024-06-21
170.000000,-13.297099,A0003|A1-1|0|2024-06-21
171.000000,-14.448055,A0003|A1-1|0|2024-06-21
172.000000,-15.699010,A0003|A1-1|0|2024-06-21
173.000000,-16.949966,A0003|A1-1|0|2024-06-21
174.000000,-18.150921,A0003|A1-1|0|2024-06-21
175.000000,-19.301877,A0003|A1-1|0|2024-06-21
176.000000,-20.302832,A0003|A1-1|0|2024-06-21
177.000000,-21.253787,A0003|A1-1|0|2024-06-21
178.000000,-22.154743,A0003|A1-1|0|2024-06-21
179.000000,-23.055698,A0003|A1-1|0|2024-06-21
180.000000,-23.856654,A0003|A1-1|0|2024-06-21
181.000000,-24.657609,A0003|A1-1|0|2024-06-21
182.000000,-25.358565,A0003|A1-1|0|2024-06-21
183.000000,-25.959520,A0003|A1-1|0|2024-06-21
184.000000,-26.410476,A0003|A1-1|0|2024-06-21
185.000000,-26.811431,A0003|A1-1|0|2024-06-21
186.000000,-27.212387,A0003|A1-1|0|2024-06-21
187.000000,-27.613342,A0003|A1-1|0|2024-06-21
188.000000,-27.864298,A0003|A1-1|0|2024-06-21
189.000000,-27.965253,A0003|A1-1|0|2024-06-21
190.000000,-27.916209,A0003|A1-1|0|2024-06-21
191.000000,-27.667164,A0003|A1-1|0|2024-06-21
192.000000,-27.218119,A0003|A1-1|0|2024-06-21
193.000000,-26.719075,A0003|A1-1|0|2024-06-21
194.000000,-26.220030,A0003|A1-1|0|2024-06-21
195.000000,-25.720986,A0003|A1-1|0|2024-06-21
196.000000,-25.221941,A0003|A1-1|0|2024-06-21
197.000000,-24.722897,A0003|A1-1|0|2024-06-21
198.000000,-24.223852,A0003|A1-1|0|2024-06-21
199.000000,-19.179464,A0003|A1-1|0|2024-06-21
200.000000,-14.234885,A0003|A1-1|0|2024-06-21
100.000000,0.000000,A0003|A1-1|1|2024-06-18
101.000000,0.000000,A0003|A1-1|1|2024-06-18
102.000000,0.000000,A0003|A1-1|1|2024-06-18
103.000000,0.000000,A0003|A1-1|1|2024-06-18
104.000000,0.000000,A0003|A1-1|1|2024-06-18
105.000000,0.000000,A0003|A1-1|1|2024-06-18
106.000000,0.000000,A0003|A1-1|1|2024-06-18
107.000000,0.000000,A0003|A1-1|1|2024-06-18
108.000000,0.000000,A0003|A1-1|1|2024-06-18
109.000000,0.000000,A0003|A1-1|1|2024-06-18
110.000000,0.000000,A0003|A1-1|1|2024-06-18
111.000000,0.000000,A0003|A1-1|1|2024-06-18
112.000000,0.000000,A0003|A1-1|1|2024-06-18
113.000000,0.000000,A0003|A1-1|1|2024-06-18
114.000000,0.000000,A0003|A1-1|1|2024-06-18
115.000000,0.000000,A0003|A1-1|1|2024-06-18
116.000000,0.000000,A0003|A1-1|1|2024-06-18
117.000000,0.000000,A0003|A1-1|1|2024-06-18
118.000000,0.000000,A0003|A1-1|1|2024-06-18
119.000000,0.000000,A0003|A1-1|1|2024-06-18
120.000000,0.000000,A0003|A1-1|1|2024-06-18
121.000000,0.000000,A0003|A1-1|1|2024-06-18
122.000000,0.000000,A0003|A1-1|1|2024-06-18
123.000000,0.000000,A0003|A1-1|1|2024-06-18
124.000000,0.000000,A0003|A1-1|1|2024-06-18
125.000000,0.000000,A0003|A1-1|1|2024-06-18
126.000000,0.000000,A0003|A1-1|1|2024-06-18
127.000000,0.000000,A0003|A1-1|1|2024-06-18
128.000000,0.000000,A0003|A1-1|1|2024-06-18
129.000000,0.000000,A0003|A1-1|1|2024-06-18
130.000000,0.000000,A0003|A1-1|1|2024-06-18
131.000000,0.000000,A0003|A1-1|1|2024-06-18
132.000000,0.000000,A0003|A1-1|1|2024-06-18
133.000000,0.000000,A0003|A1-1|1|2024-06-18
134.000000,0.000000,A0003|A1-1|1|2024-06-18
135.000000,0.000000,A0003|A1-1|1|2024-06-18
136.000000,0.000000,A0003|A1-1|1|2024-06-18
137.000000,0.000000,A0003|A1-1|1|2024-06-18
138.000000,0.000000,A0003|A1-1|1|2024-06-18
139.000000,0.000000,A0003|A1-1|1|2024-06-18
140.000000,0.000000,A0003|A1-1|1|2024-06-18
141.000000,0.000000,A0003|A1-1|1|2024-06-18
142.000000,0.000000,A0003|A1-1|1|2024-06-18
143.000000,0.000000,A0003|A1-1|1|2024-06-18
144.000000,0.000000,A0003|A1-1|1|2024-06-18
145.000000,0.000000,A0003|A1-1|1|2024-06-18
146.000000,0.000000,A0003|A1-1|1|2024-06-18
147.000000,0.000000,A0003|A1-1|1|2024-06-18
148.000000,0.000000,A0003|A1-1|1|2024-06-18
149.000000,0.000000,A0003|A1-1|1|2024-06-18
150.000000,0.000000,A0003|A1-1|1|2024-06-18
151.000000,0.000000,A0003|A1-1|1|2024-06-18
152.000000,0.000000,A0003|A1-1|1|2024-06-18
153.000000,0.000000,A0003|A1-1|1|2024-06-18
154.000000,0.000000,A0003|A1-1|1|2024-06-18
155.000000,0.000000,A0003|A1-1|1|2024-06-18
156.000000,0.000000,A0003|A1-1|1|2024-06-18
157.000000,0.000000,A0003|A1-1|1|2024-06-18
158.000000,0.000000,A0003|A1-1|1|2024-06-18
159.000000,0.000000,A0003|A1-1|1|2024-06-18
160.000000,0.000000,A0003|A1-1|1|2024-06-18
161.000000,0.000000,A0003|A1-1|1|2024-06-18
162.000000,0.000000,A0003|A1-1|1|2024-06-18
163.000000,0.000000,A0003|A1-1|1|2024-06-18
164.000000,0.000000,A0003|A1-1|1|2024-06-18
165.000000,0.000000,A0003|A1-1|1|2024-06-18
166.000000,0.000000,A0003|A1-1|1|2024-06-18
167.000000,0.000000,A0003|A1-1|1|2024-06-18
168.000000,0.000000,A0003|A1-1|1|2024-06-18
169.000000,0.000000,A0003|A1-1|1|2024-06-18
170.000000,0.000000,A0003|A1-1|1|2024-06-18
171.000000,0.000000,A0003|A1-1|1|2024-06-18
172.000000,0.000000,A0003|A1-1|1|2024-06-18
173.000000,0.000000,A0003|A1-1|1|2024-06-18
174.000000,0.000000,A0003|A1-1|1|2024-06-18
175.000000,0.000000,A0003|A1-1|1|2024-06-18
176.000000,0.000000,A0003|A1-1|1|2024-06-18
177.000000,0.000000,A0003|A1-1|1|2024-06-18
178.000000,0.000000,A0003|A1-1|1|2024-06-18
179.000000,0.000000,A0003|A1-1|1|2024-06-18
180.000000,0.000000,A0003|A1-1|1|2024-06-18
181.000000,0.000000,A0003|A1-1|1|2024-06-18
182.000000,0.000000,A0003|A1-1|1|2024-06-18
183.000000,0.000000,A0003|A1-1|1|2024-06-18
184.000000,0.000000,A0003|A1-1|1|2024-06-18
185.000000,0.000000,A0003|A1-1|1|2024-06-18
186.000000,0.000000,A0003|A1-1|1|2024-06-18
187.000000,0.000000,A0003|A1-1|1|2024-06-18
188.000000,0.000000,A0003|A1-1|1|2024-06-18
189.000000,0.000000,A0003|A1-1|1|2024-06-18
190.000000,0.000000,A0003|A1-1|1|2024-06-18
191.000000,0.000000,A0003|A1-1|1|2024-06-18
192.000000,0.000000,A0003|A1-1|1|2024-06-18
193.000000,0.000000,A0003|A1-1|1|2024-06-18
194.000000,0.000000,A0003|A1-1|1|2024-06-18
195.000000,0.000000,A0003|A1-1|1|2024-06-18
196.000000,0.000000,A0003|A1-1|1|2024-06-18
197.000000,0.000000,A0003|A1-1|1|2024-06-18
198.000000,0.000000,A0003|A1-1|1|2024-06-18
199.000000,0.000000,A0003|A1-1|1|2024-06-18
200.000000,0.000000,A0003|A1-1|1|2024-06-18
100.000000,-3.013159,A0003|A1-1|1|2024-06-19
101.000000,-4.067611,A0003|A1-1|1|2024-06-19
102.000000,-5.122096,A0003|A1-1|1|2024-06-19
103.000000,-5.222259,A0003|A1-1|1|2024-06-19
104.000000,-5.272422,A0003|A1-1|1|2024-06-19
105.000000,-5.272585,A0003|A1-1|1|2024-06-19
106.000000,-5.272748,A0003|A1-1|1|2024-06-19
107.000000,-5.272911,A0003|A1-1|1|2024-06-19
108.000000,-5.273074,A0003|A1-1|1|2024-06-19
109.000000,-5.273238,A0003|A1-1|1|2024-06-19
110.000000,-5.273401,A0003|A1-1|1|2024-06-19
111.000000,-5.173564,A0003|A1-1|1|2024-06-19
112.000000,-4.973727,A0003|A1-1|1|2024-06-19
113.000000,-4.673890,A0003|A1-1|1|2024-06-19
114.000000,-4.274053,A0003|A1-1|1|2024-06-19
115.000000,-3.774216,A0003|A1-1|1|2024-06-19
116.000000,-3.274380,A0003|A1-1|1|2024-06-19
117.000000,-2.774543,A0003|A1-1|1|2024-06-19
118.000000,-2.274706,A0003|A1-1|1|2024-06-19
119.000000,-1.774869,A0003|A1-1|1|2024-06-19
120.000000,-1.275032,A0003|A1-1|1|2024-06-19
121.000000,-0.775195,A0003|A1-1|1|2024-06-19
122.000000,-0.275358,A0003|A1-1|1|2024-06-19
123.000000,0.224478,A0003|A1-1|1|2024-06-19
124.000000,0.724315,A0003|A1-1|1|2024-06-19
125.000000,1.224152,A0003|A1-1|1|2024-06-19
126.000000,1.723989,A0003|A1-1|1|2024-06-19
127.000000,2.223826,A0003|A1-1|1|2024-06-19
128.000000,2.723663,A0003|A1-1|1|2024-06-19
129.000000,3.223500,A0003|A1-1|1|2024-06-19
130.000000,3.723336,A0003|A1-1|1|2024-06-19
131.000000,4.123173,A0003|A1-1|1|2024-06-19
132.000000,4.423010,A0003|A1-1|1|2024-06-19
133.000000,4.622847,A0003|A1-1|1|2024-06-19
134.000000,4.722684,A0003|A1-1|1|2024-06-19
135.000000,4.722521,A0003|A1-1|1|2024-06-19
136.000000,4.722357,A0003|A1-1|1|2024-06-19
137.000000,4.722194,A0003|A1-1|1|2024-06-19
138.000000,4.722031,A0003|A1-1|1|2024-06-19
139.000000,4.721868,A0003|A1-1|1|2024-06-19
140.000000,4.721705,A0003|A1-1|1|2024-06-19
141.000000,4.721542,A0003|A1-1|1|2024-06-19
142.000000,4.721379,A0003|A1-1|1|2024-06-19
143.000000,4.721215,A0003|A1-1|1|2024-06-19
144.000000,4.721052,A0003|A1-1|1|2024-06-19
145.000000,4.720889,A0003|A1-1|1|2024-06-19
146.000000,4.720726,A0003|A1-1|1|2024-06-19
147.000000,4.720563,A0003|A1-1|1|2024-06-19
148.000000,4.720400,A0003|A1-1|1|2024-06-19
149.000000,4.670237,A0003|A1-1|1|2024-06-19
150.000000,4.571351,A0003|A1-1|1|2024-06-19
151.000000,4.423742,A0003|A1-1|1|2024-06-19
152.000000,4.227411,A0003|A1-1|1|2024-06-19
153.000000,3.982357,A0003|A1-1|1|2024-06-19
154.000000,3.738580,A0003|A1-1|1|2024-06-19
155.000000,3.494803,A0003|A1-1|1|2024-06-19
156.000000,3.251027,A0003|A1-1|1|2024-06-19
157.000000,3.007250,A0003|A1-1|1|2024-06-19
158.000000,2.763473,A0003|A1-1|1|2024-06-19
159.000000,2.519696,A0003|A1-1|1|2024-06-19
160.000000,2.275919,A0003|A1-1|1|2024-06-19
161.000000,2.032143,A0003|A1-1|1|2024-06-19
162.000000,1.788366,A0003|A1-1|1|2024-06-19
163.000000,1.544589,A0003|A1-1|1|2024-06-19
164.000000,1.300812,A0003|A1-1|1|2024-06-19
165.000000,1.057036,A0003|A1-1|1|2024-06-19
166.000000,0.813259,A0003|A1-1|1|2024-06-19
167.000000,0.569482,A0003|A1-1|1|2024-06-19
168.000000,0.325705,A0003|A1-1|1|2024-06-19
169.000000,0.131929,A0003|A1-1|1|2024-06-19
170.000000,-0.013126,A0003|A1-1|1|2024-06-19
171.000000,-0.109457,A0003|A1-1|1|2024-06-19
172.000000,-0.157065,A0003|A1-1|1|2024-06-19
173.000000,-0.155951,A0003|A1-1|1|2024-06-19
174.000000,-0.156114,A0003|A1-1|1|2024-06-19
175.000000,-0.156278,A0003|A1-1|1|2024-06-19
176.000000,-0.156441,A0003|A1-1|1|2024-06-19
177.000000,-0.156604,A0003|A1-1|1|2024-06-19
178.000000,-0.156767,A0003|A1-1|1|2024-06-19
179.000000,-0.156930,A0003|A1-1|1|2024-06-19
180.000000,-0.157093,A0003|A1-1|1|2024-06-19
181.000000,-0.157256,A0003|A1-1|1|2024-06-19
182.000000,-0.157420,A0003|A1-1|1|2024-06-19
183.000000,-0.157583,A0003|A1-1|1|2024-06-19
184.000000,-0.157746,A0003|A1-1|1|2024-06-19
185.000000,-0.157909,A0003|A1-1|1|2024-06-19
186.000000,-0.158072,A0003|A1-1|1|2024-06-19
187.000000,-0.158235,A0003|A1-1|1|2024-06-19
188.000000,-0.158398,A0003|A1-1|1|2024-06-19
189.000000,-0.158562,A0003|A1-1|1|2024-06-19
190.000000,-0.158725,A0003|A1-1|1|2024-06-19
191.000000,-0.158888,A0003|A1-1|1|2024-06-19
192.000000,-0.159051,A0003|A1-1|1|2024-06-19
193.000000,-0.159214,A0003|A1-1|1|2024-06-19
194.000000,-0.159377,A0003|A1-1|1|2024-06-19
195.000000,-0.159540,A0003|A1-1|1|2024-06-19
196.000000,-0.159704,A0003|A1-1|1|2024-06-19
197.000000,-0.159867,A0003|A1-1|1|2024-06-19
198.000000,-0.160030,A0003|A1-1|1|2024-06-19
199.000000,-0.128089,A0003|A1-1|1|2024-06-19
200.000000,-0.096116,A0003|A1-1|1|2024-06-19
100.000000,0.015924,A0003|A1-1|1|2024-06-20
101.000000,0.021229,A0003|A1-1|1|2024-06-20
102.000000,0.026533,A0003|A1-1|1|2024-06-20
103.000000,0.026525,A0003|A1-1|1|2024-06-20
104.000000,0.026518,A0003|A1-1|1|2024-06-20
105.000000,0.026510,A0003|A1-1|1|2024-06-20
106.000000,0.026503,A0003|A1-1|1|2024-06-20
107.000000,0.026496,A0003|A1-1|1|2024-06-20
108.000000,0.026488,A0003|A1-1|1|2024-06-20
109.000000,0.026481,A0003|A1-1|1|2024-06-20
110.000000,0.026473,A0003|A1-1|1|2024-06-20
111.000000,0.026466,A0003|A1-1|1|2024-06-20
112.000000,0.026458,A0003|A1-1|1|2024-06-20
113.000000,0.026451,A0003|A1-1|1|2024-06-20
114.000000,0.026443,A0003|A1-1|1|2024-06-20
115.000000,0.026436,A0003|A1-1|1|2024-06-20
116.000000,0.026429,A0003|A1-1|1|2024-06-20
117.000000,0.026421,A0003|A1-1|1|2024-06-20
118.000000,0.026414,A0003|A1-1|1|2024-06-20
119.000000,0.076406,A0003|A1-1|1|2024-06-20
120.000000,0.176399,A0003|A1-1|1|2024-06-20
121.000000,0.326391,A0003|A1-1|1|2024-06-20
122.000000,0.526384,A0003|A1-1|1|2024-06-20
123.000000,0.776376,A0003|A1-1|1|2024-06-20
124.000000,1.026369,A0003|A1-1|1|2024-06-20
125.000000,1.276361,A0003|A1-1|1|2024-06-20
126.000000,1.526354,A0003|A1-1|1|2024-06-20
127.000000,1.776347,A0003|A1-1|1|2024-06-20
128.000000,2.026339,A0003|A1-1|1|2024-06-20
129.000000,2.276332,A0003|A1-1|1|2024-06-20
130.000000,2.526324,A0003|A1-1|1|2024-06-20
131.000000,2.776317,A0003|A1-1|1|2024-06-20
132.000000,3.026309,A0003|A1-1|1|2024-06-20
133.000000,3.276302,A0003|A1-1|1|2024-06-20
134.000000,3.526294,A0003|A1-1|1|2024-06-20
135.000000,3.776287,A0003|A1-1|1|2024-06-20
136.000000,4.026280,A0003|A1-1|1|2024-06-20
137.000000,4.276272,A0003|A1-1|1|2024-06-20
138.000000,4.526265,A0003|A1-1|1|2024-06-20
139.000000,4.675984,A0003|A1-1|1|2024-06-20
140.000000,4.725431,A0003|A1-1|1|2024-06-20
141.000000,4.674605,A0003|A1-1|1|2024-06-20
142.000000,4.523506,A0003|A1-1|1|2024-06-20
143.000000,4.272134,A0003|A1-1|1|2024-06-20
144.000000,4.020761,A0003|A1-1|1|2024-06-20
145.000000,3.769389,A0003|A1-1|1|2024-06-20
146.000000,3.518017,A0003|A1-1|1|2024-06-20
147.000000,3.266645,A0003|A1-1|1|2024-06-20
148.000000,3.015273,A0003|A1-1|1|2024-06-20
149.000000,2.763901,A0003|A1-1|1|2024-06-20
150.000000,2.512529,A0003|A1-1|1|2024-06-20
151.000000,2.261157,A0003|A1-1|1|2024-06-20
152.000000,2.009785,A0003|A1-1|1|2024-06-20
153.000000,1.758413,A0003|A1-1|1|2024-06-20
154.000000,1.507041,A0003|A1-1|1|2024-06-20
155.000000,1.255669,A0003|A1-1|1|2024-06-20
156.000000,1.004296,A0003|A1-1|1|2024-06-20
157.000000,0.752924,A0003|A1-1|1|2024-06-20
158.000000,0.501552,A0003|A1-1|1|2024-06-20
159.000000,0.300453,A0003|A1-1|1|2024-06-20
160.000000,0.149627,A0003|A1-1|1|2024-06-20
161.000000,0.049074,A0003|A1-1|1|2024-06-20
162.000000,-0.001207,A0003|A1-1|1|2024-06-20
163.000000,-0.001214,A0003|A1-1|1|2024-06-20
164.000000,-0.001222,A0003|A1-1|1|2024-06-20
165.000000,-0.001229,A0003|A1-1|1|2024-06-20
166.000000,-0.001237,A0003|A1-1|1|2024-06-20
167.000000,-0.001244,A0003|A1-1|1|2024-06-20
168.000000,-0.001251,A0003|A1-1|1|2024-06-20
169.000000,-0.001259,A0003|A1-1|1|2024-06-20
170.000000,-0.001266,A0003|A1-1|1|2024-06-20
171.000000,-0.001274,A0003|A1-1|1|2024-06-20
172.000000,-0.001281,A0003|A1-1|1|2024-06-20
173.000000,-0.001289,A0003|A1-1|1|2024-06-20
174.000000,-0.001296,A0003|A1-1|1|2024-06-20
175.000000,-0.001304,A0003|A1-1|1|2024-06-20
176.000000,-0.001311,A0003|A1-1|1|2024-06-20
177.000000,-0.001318,A0003|A1-1|1|2024-06-20
178.000000,-0.001326,A0003|A1-1|1|2024-06-20
179.000000,-0.001333,A0003|A1-1|1|2024-06-20
180.000000,-0.001341,A0003|A1-1|1|2024-06-20
181.000000,-0.001348,A0003|A1-1|1|2024-06-20
182.000000,-0.001356,A0003|A1-1|1|2024-06-20
183.000000,-0.001363,A0003|A1-1|1|2024-06-20
184.000000,-0.001371,A0003|A1-1|1|2024-06-20
185.000000,-0.001378,A0003|A1-1|1|2024-06-20
186.000000,-0.001385,A0003|A1-1|1|2024-06-20
187.000000,-0.001393,A0003|A1-1|1|2024-06-20
188.000000,-0.001400,A0003|A1-1|1|2024-06-20
189.000000,-0.001408,A0003|A1-1|1|2024-06-20
190.000000,-0.001415,A0003|A1-1|1|2024-06-20
191.000000,-0.001423,A0003|A1-1|1|2024-06-20
192.000000,-0.001430,A0003|A1-1|1|2024-06-20
193.000000,-0.001438,A0003|A1-1|1|2024-06-20
194.000000,-0.001445,A0003|A1-1|1|2024-06-20
195.000000,-0.001453,A0003|A1-1|1|2024-06-20
196.000000,-0.001460,A0003|A1-1|1|2024-06-20
197.000000,-0.001467,A0003|A1-1|1|2024-06-20
198.000000,-0.001475,A0003|A1-1|1|2024-06-20
199.000000,-0.001183,A0003|A1-1|1|2024-06-20
200.000000,-0.000889,A0003|A1-1|1|2024-06-20
100.000000,-0.001369,A0003|A1-1|1|2024-06-21
101.000000,-0.001834,A0003|A1-1|1|2024-06-21
102.000000,-0.002304,A0003|A1-1|1|2024-06-21
103.000000,-0.002327,A0003|A1-1|1|2024-06-21
104.000000,-0.002349,A0003|A1-1|1|2024-06-21
105.000000,-0.002372,A0003|A1-1|1|2024-06-21
106.000000,-0.002394,A0003|A1-1|1|2024-06-21
107.000000,-0.002417,A0003|A1-1|1|2024-06-21
108.000000,-0.002440,A0003|A1-1|1|2024-06-21
109.000000,-0.002462,A0003|A1-1|1|2024-06-21
110.000000,-0.002485,A0003|A1-1|1|2024-06-21
111.000000,-0.002507,A0003|A1-1|1|2024-06-21
112.000000,-0.002530,A0003|A1-1|1|2024-06-21
113.000000,-0.002553,A0003|A1-1|1|2024-06-21
114.000000,-0.002575,A0003|A1-1|1|2024-06-21
115.000000,-0.002598,A0003|A1-1|1|2024-06-21
116.000000,-0.002620,A0003|A1-1|1|2024-06-21
117.000000,-0.002643,A0003|A1-1|1|2024-06-21
118.000000,-0.002666,A0003|A1-1|1|2024-06-21
119.000000,-0.002688,A0003|A1-1|1|2024-06-21
120.000000,-0.002711,A0003|A1-1|1|2024-06-21
121.000000,-0.002733,A0003|A1-1|1|2024-06-21
122.000000,-0.002756,A0003|A1-1|1|2024-06-21
123.000000,-0.002779,A0003|A1-1|1|2024-06-21
124.000000,-0.002801,A0003|A1-1|1|2024-06-21
125.000000,-0.002824,A0003|A1-1|1|2024-06-21
126.000000,-0.002846,A0003|A1-1|1|2024-06-21
127.000000,-0.002869,A0003|A1-1|1|2024-06-21
128.000000,-0.002891,A0003|A1-1|1|2024-06-21
129.000000,-0.002914,A0003|A1-1|1|2024-06-21
130.000000,-0.002937,A0003|A1-1|1|2024-06-21
131.000000,-0.002959,A0003|A1-1|1|2024-06-21
132.000000,-0.002982,A0003|A1-1|1|2024-06-21
133.000000,-0.003004,A0003|A1-1|1|2024-06-21
134.000000,-0.003027,A0003|A1-1|1|2024-06-21
135.000000,-0.003050,A0003|A1-1|1|2024-06-21
136.000000,-0.003072,A0003|A1-1|1|2024-06-21
137.000000,-0.003095,A0003|A1-1|1|2024-06-21
138.000000,-0.003117,A0003|A1-1|1|2024-06-21
139.000000,-0.003140,A0003|A1-1|1|2024-06-21
140.000000,-0.003163,A0003|A1-1|1|2024-06-21
141.000000,-0.003185,A0003|A1-1|1|2024-06-21
142.000000,-0.003208,A0003|A1-1|1|2024-06-21
143.000000,-0.003230,A0003|A1-1|1|2024-06-21
144.000000,-0.003253,A0003|A1-1|1|2024-06-21
145.000000,-0.003275,A0003|A1-1|1|2024-06-21
146.000000,-0.003298,A0003|A1-1|1|2024-06-21
147.000000,-0.003321,A0003|A1-1|1|2024-06-21
148.000000,-0.003343,A0003|A1-1|1|2024-06-21
149.000000,-0.003366,A0003|A1-1|1|2024-06-21
150.000000,-0.003388,A0003|A1-1|1|2024-06-21
151.000000,-0.003411,A0003|A1-1|1|2024-06-21
152.000000,-0.003434,A0003|A1-1|1|2024-06-21
153.000000,-0.003456,A0003|A1-1|1|2024-06-21
154.000000,-0.003479,A0003|A1-1|1|2024-06-21
155.000000,-0.003501,A0003|A1-1|1|2024-06-21
156.000000,-0.003524,A0003|A1-1|1|2024-06-21
157.000000,-0.003547,A0003|A1-1|1|2024-06-21
158.000000,-0.003569,A0003|A1-1|1|2024-06-21
159.000000,-0.003592,A0003|A1-1|1|2024-06-21
160.000000,-0.003614,A0003|A1-1|1|2024-06-21
161.000000,-0.003637,A0003|A1-1|1|2024-06-21
162.000000,-0.003660,A0003|A1-1|1|2024-06-21
163.000000,-0.003682,A0003|A1-1|1|2024-06-21
164.000000,-0.003705,A0003|A1-1|1|2024-06-21
165.000000,-0.003727,A0003|A1-1|1|2024-06-21
166.000000,-0.003750,A0003|A1-1|1|2024-06-21
167.000000,-0.003772,A0003|A1-1|1|2024-06-21
168.000000,-0.003795,A0003|A1-1|1|2024-06-21
169.000000,-0.003818,A0003|A1-1|1|2024-06-21
170.000000,-0.003840,A0003|A1-1|1|2024-06-21
171.000000,-0.003863,A0003|A1-1|1|2024-06-21
172.000000,-0.003885,A0003|A1-1|1|2024-06-21
173.000000,-0.003908,A0003|A1-1|1|2024-06-21
174.000000,-0.003931,A0003|A1-1|1|2024-06-21
175.000000,-0.003953,A0003|A1-1|1|2024-06-21
176.000000,-0.003976,A0003|A1-1|1|2024-06-21
177.000000,-0.003998,A0003|A1-1|1|2024-06-21
178.000000,-0.004021,A0003|A1-1|1|2024-06-21
179.000000,-0.004044,A0003|A1-1|1|2024-06-21
180.000000,-0.004066,A0003|A1-1|1|2024-06-21
181.000000,-0.004089,A0003|A1-1|1|2024-06-21
182.000000,-0.004111,A0003|A1-1|1|2024-06-21
183.000000,-0.004134,A0003|A1-1|1|2024-06-21
184.000000,-0.004156,A0003|A1-1|1|2024-06-21
185.000000,-0.004179,A0003|A1-1|1|2024-06-21
186.000000,-0.004202,A0003|A1-1|1|2024-06-21
187.000000,-0.004224,A0003|A1-1|1|2024-06-21
188.000000,-0.004247,A0003|A1-1|1|2024-06-21
189.000000,-0.004269,A0003|A1-1|1|2024-06-21
190.000000,-0.004292,A0003|A1-1|1|2024-06-21
191.000000,-0.004315,A0003|A1-1|1|2024-06-21
192.000000,-0.004337,A0003|A1-1|1|2024-06-21
193.000000,-0.004360,A0003|A1-1|1|2024-06-21
194.000000,-0.004382,A0003|A1-1|1|2024-06-21
195.000000,-0.004405,A0003|A1-1|1|2024-06-21
196.000000,-0.004428,A0003|A1-1|1|2024-06-21
197.000000,-0.004450,A0003|A1-1|1|2024-06-21
198.000000,-0.004473,A0003|A1-1|1|2024-06-21
199.000000,-0.003587,A0003|A1-1|1|2024-06-21
200.000000,-0.002697,A0003|A1-1|1|2024-06-21
100.000000,5.057071,A0003|A1-2|0|2024-06-17
101.000000,8.192495,A0003|A1-2|0|2024-06-17
102.000000,11.927786,A0003|A1-2|0|2024-06-17
103.000000,15.177121,A0003|A1-2|0|2024-06-17
104.000000,18.076455,A0003|A1-2|0|2024-06-17
105.000000,20.775790,A0003|A1-2|0|2024-06-17
106.000000,23.425124,A0003|A1-2|0|2024-06-17
107.000000,26.074458,A0003|A1-2|0|2024-06-17
108.000000,28.923793,A0003|A1-2|0|2024-06-17
109.000000,31.923127,A0003|A1-2|0|2024-06-17
110.000000,35.072462,A0003|A1-2|0|2024-06-17
111.000000,38.221796,A0003|A1-2|0|2024-06-17
112.000000,41.121131,A0003|A1-2|0|2024-06-17
113.000000,43.770465,A0003|A1-2|0|2024-06-17
114.000000,45.969799,A0003|A1-2|0|2024-06-17
115.000000,47.719134,A0003|A1-2|0|2024-06-17
116.000000,49.018468,A0003|A1-2|0|2024-06-17
117.000000,50.167803,A0003|A1-2|0|2024-06-17
118.000000,51.167137,A0003|A1-2|0|2024-06-17
119.000000,52.119051,A0003|A1-2|0|2024-06-17
120.000000,53.123546,A0003|A1-2|0|2024-06-17
121.000000,54.180620,A0003|A1-2|0|2024-06-17
122.000000,55.290274,A0003|A1-2|0|2024-06-17
123.000000,56.502507,A0003|A1-2|0|2024-06-17
124.000000,57.714741,A0003|A1-2|0|2024-06-17
125.000000,58.826975,A0003|A1-2|0|2024-06-17
126.000000,59.589209,A0003|A1-2|0|2024-06-17
127.000000,60.001443,A0003|A1-2|0|2024-06-17
128.000000,60.013677,A0003|A1-2|0|2024-06-17
129.000000,59.675911,A0003|A1-2|0|2024-06-17
130.000000,58.988144,A0003|A1-2|0|2024-06-17
131.000000,58.200378,A0003|A1-2|0|2024-06-17
132.000000,57.362612,A0003|A1-2|0|2024-06-17
133.000000,56.474846,A0003|A1-2|0|2024-06-17
134.000000,55.687080,A0003|A1-2|0|2024-06-17
135.000000,54.999314,A0003|A1-2|0|2024-06-17
136.000000,54.411548,A0003|A1-2|0|2024-06-17
137.000000,53.873781,A0003|A1-2|0|2024-06-17
138.000000,53.286015,A0003|A1-2|0|2024-06-17
139.000000,52.398249,A0003|A1-2|0|2024-06-17
140.000000,51.110483,A0003|A1-2|0|2024-06-17
141.000000,49.422717,A0003|A1-2|0|2024-06-17
142.000000,47.334951,A0003|A1-2|0|2024-06-17
143.000000,44.947185,A0003|A1-2|0|2024-06-17
144.000000,42.509419,A0003|A1-2|0|2024-06-17
145.000000,40.121652,A0003|A1-2|0|2024-06-17
146.000000,37.633886,A0003|A1-2|0|2024-06-17
147.000000,35.046120,A0003|A1-2|0|2024-06-17
148.000000,32.358354,A0003|A1-2|0|2024-06-17
149.000000,29.570588,A0003|A1-2|0|2024-06-17
150.000000,26.682822,A0003|A1-2|0|2024-06-17
151.000000,23.795056,A0003|A1-2|0|2024-06-17
152.000000,20.807289,A0003|A1-2|0|2024-06-17
153.000000,17.719523,A0003|A1-2|0|2024-06-17
154.000000,14.381757,A0003|A1-2|0|2024-06-17
155.000000,10.793991,A0003|A1-2|0|2024-06-17
156.000000,6.956225,A0003|A1-2|0|2024-06-17
157.000000,2.968459,A0003|A1-2|0|2024-06-17
158.000000,-1.169307,A0003|A1-2|0|2024-06-17
159.000000,-5.257074,A0003|A1-2|0|2024-06-17
160.000000,-9.244840,A0003|A1-2|0|2024-06-17
161.000000,-13.082606,A0003|A1-2|0|2024-06-17
162.000000,-16.870372,A0003|A1-2|0|2024-06-17
163.000000,-20.658138,A0003|A1-2|0|2024-06-17
164.000000,-24.545904,A0003|A1-2|0|2024-06-17
165.000000,-28.583670,A0003|A1-2|0|2024-06-17
166.000000,-32.821437,A0003|A1-2|0|2024-06-17
167.000000,-37.059203,A0003|A1-2|0|2024-06-17
168.000000,-41.246969,A0003|A1-2|0|2024-06-17
169.000000,-45.384735,A0003|A1-2|0|2024-06-17
170.000000,-49.472501,A0003|A1-2|0|2024-06-17
171.000000,-53.410267,A0003|A1-2|0|2024-06-17
172.000000,-57.198033,A0003|A1-2|0|2024-06-17
173.000000,-60.835800,A0003|A1-2|0|2024-06-17
174.000000,-64.226146,A0003|A1-2|0|2024-06-17
175.000000,-67.369071,A0003|A1-2|0|2024-06-17
176.000000,-70.114577,A0003|A1-2|0|2024-06-17
177.000000,-72.562663,A0003|A1-2|0|2024-06-17
178.000000,-74.663329,A0003|A1-2|0|2024-06-17
179.000000,-76.416574,A0003|A1-2|0|2024-06-17
180.000000,-77.822399,A0003|A1-2|0|2024-06-17
181.000000,-79.080805,A0003|A1-2|0|2024-06-17
182.000000,-79.991790,A0003|A1-2|0|2024-06-17
183.000000,-80.555355,A0003|A1-2|0|2024-06-17
184.000000,-80.868920,A0003|A1-2|0|2024-06-17
185.000000,-80.932485,A0003|A1-2|0|2024-06-17
186.000000,-80.646050,A0003|A1-2|0|2024-06-17
187.000000,-80.259615,A0003|A1-2|0|2024-06-17
188.000000,-79.823180,A0003|A1-2|0|2024-06-17
189.000000,-79.286745,A0003|A1-2|0|2024-06-17
190.000000,-78.600310,A0003|A1-2|0|2024-06-17
191.000000,-77.863875,A0003|A1-2|0|2024-06-17
192.000000,-77.027440,A0003|A1-2|0|2024-06-17
193.000000,-75.991005,A0003|A1-2|0|2024-06-17
194.000000,-74.804570,A0003|A1-2|0|2024-06-17
195.000000,-73.518135,A0003|A1-2|0|2024-06-17
196.000000,-72.081700,A0003|A1-2|0|2024-06-17
197.000000,-70.545265,A0003|A1-2|0|2024-06-17
198.000000,-69.008830,A0003|A1-2|0|2024-06-17
199.000000,-54.582490,A0003|A1-2|0|2024-06-17
200.000000,-40.453437,A0003|A1-2|0|2024-06-17
100.000000,1.773508,A0003|A1-2|0|2024-06-18
101.000000,3.412006,A0003|A1-2|0|2024-06-18
102.000000,5.599168,A0003|A1-2|0|2024-06-18
103.000000,8.242488,A0003|A1-2|0|2024-06-18
104.000000,10.885809,A0003|A1-2|0|2024-06-18
105.000000,13.529130,A0003|A1-2|0|2024-06-18
106.000000,16.172450,A0003|A1-2|0|2024-06-18
107.000000,18.815771,A0003|A1-2|0|2024-06-18
108.000000,21.359091,A0003|A1-2|0|2024-06-18
109.000000,23.802412,A0003|A1-2|0|2024-06-18
110.000000,26.145732,A0003|A1-2|0|2024-06-18
111.000000,28.289053,A0003|A1-2|0|2024-06-18
112.000000,30.182373,A0003|A1-2|0|2024-06-18
113.000000,31.875694,A0003|A1-2|0|2024-06-18
114.000000,33.569014,A0003|A1-2|0|2024-06-18
115.000000,35.362335,A0003|A1-2|0|2024-06-18
116.000000,37.255656,A0003|A1-2|0|2024-06-18
117.000000,39.298976,A0003|A1-2|0|2024-06-18
118.000000,41.492297,A0003|A1-2|0|2024-06-18
119.000000,43.685617,A0003|A1-2|0|2024-06-18
120.000000,45.778938,A0003|A1-2|0|2024-06-18
121.000000,47.630431,A0003|A1-2|0|2024-06-18
122.000000,49.240097,A0003|A1-2|0|2024-06-18
123.000000,50.657936,A0003|A1-2|0|2024-06-18
124.000000,51.733948,A0003|A1-2|0|2024-06-18
125.000000,52.418132,A0003|A1-2|0|2024-06-18
126.000000,52.902317,A0003|A1-2|0|2024-06-18
127.000000,53.186501,A0003|A1-2|0|2024-06-18
128.000000,53.270686,A0003|A1-2|0|2024-06-18
129.000000,53.304870,A0003|A1-2|0|2024-06-18
130.000000,53.339055,A0003|A1-2|0|2024-06-18
131.000000,53.223239,A0003|A1-2|0|2024-06-18
132.000000,52.857424,A0003|A1-2|0|2024-06-18
133.000000,52.241608,A0003|A1-2|0|2024-06-18
134.000000,51.325793,A0003|A1-2|0|2024-06-18
135.000000,50.009978,A0003|A1-2|0|2024-06-18
136.000000,48.344162,A0003|A1-2|0|2024-06-18
137.000000,46.428347,A0003|A1-2|0|2024-06-18
138.000000,44.262531,A0003|A1-2|0|2024-06-18
139.000000,41.896716,A0003|A1-2|0|2024-06-18
140.000000,39.430900,A0003|A1-2|0|2024-06-18
141.000000,37.056912,A0003|A1-2|0|2024-06-18
142.000000,34.774751,A0003|A1-2|0|2024-06-18
143.000000,32.584417,A0003|A1-2|0|2024-06-18
144.000000,30.535910,A0003|A1-2|0|2024-06-18
145.000000,28.629231,A0003|A1-2|0|2024-06-18
146.000000,26.780724,A0003|A1-2|0|2024-06-18
147.000000,24.990390,A0003|A1-2|0|2024-06-18
148.000000,23.208229,A0003|A1-2|0|2024-06-18
149.000000,21.384241,A0003|A1-2|0|2024-06-18
150.000000,19.518425,A0003|A1-2|0|2024-06-18
151.000000,17.652610,A0003|A1-2|0|2024-06-18
152.000000,15.836794,A0003|A1-2|0|2024-06-18
153.000000,14.070979,A0003|A1-2|0|2024-06-18
154.000000,12.305164,A0003|A1-2|0|2024-06-18
155.000000,10.539348,A0003|A1-2|0|2024-06-18
156.000000,8.723533,A0003|A1-2|0|2024-06-18
157.000000,6.757717,A0003|A1-2|0|2024-06-18
158.000000,4.691902,A0003|A1-2|0|2024-06-18
159.000000,2.576086,A0003|A1-2|0|2024-06-18
160.000000,0.410271,A0003|A1-2|0|2024-06-18
161.000000,-1.755545,A0003|A1-2|0|2024-06-18
162.000000,-3.771360,A0003|A1-2|0|2024-06-18
163.000000,-5.587176,A0003|A1-2|0|2024-06-18
164.000000,-7.252991,A0003|A1-2|0|2024-06-18
165.000000,-8.718807,A0003|A1-2|0|2024-06-18
166.000000,-10.042795,A0003|A1-2|0|2024-06-18
167.000000,-11.324956,A0003|A1-2|0|2024-06-18
168.000000,-12.515290,A0003|A1-2|0|2024-06-18
169.000000,-13.563797,A0003|A1-2|0|2024-06-18
170.000000,-14.520476,A0003|A1-2|0|2024-06-18
171.000000,-15.377156,A0003|A1-2|0|2024-06-18
172.000000,-16.183835,A0003|A1-2|0|2024-06-18
173.000000,-17.040514,A0003|A1-2|0|2024-06-18
174.000000,-17.897194,A0003|A1-2|0|2024-06-18
175.000000,-18.803873,A0003|A1-2|0|2024-06-18
176.000000,-19.760553,A0003|A1-2|0|2024-06-18
177.000000,-20.667232,A0003|A1-2|0|2024-06-18
178.000000,-21.523912,A0003|A1-2|0|2024-06-18
179.000000,-22.380591,A0003|A1-2|0|2024-06-18
180.000000,-23.187271,A0003|A1-2|0|2024-06-18
181.000000,-23.943950,A0003|A1-2|0|2024-06-18
182.000000,-24.700630,A0003|A1-2|0|2024-06-18
183.000000,-25.457309,A0003|A1-2|0|2024-06-18
184.000000,-26.163989,A0003|A1-2|0|2024-06-18
185.000000,-26.770668,A0003|A1-2|0|2024-06-18
186.000000,-27.277347,A0003|A1-2|0|2024-06-18
187.000000,-27.684027,A0003|A1-2|0|2024-06-18
188.000000,-27.990706,A0003|A1-2|0|2024-06-18
189.000000,-28.247386,A0003|A1-2|0|2024-06-18
190.000000,-28.504065,A0003|A1-2|0|2024-06-18
191.000000,-28.660745,A0003|A1-2|0|2024-06-18
192.000000,-28.717424,A0003|A1-2|0|2024-06-18
193.000000,-28.624104,A0003|A1-2|0|2024-06-18
194.000000,-28.380783,A0003|A1-2|0|2024-06-18
195.000000,-27.987463,A0003|A1-2|0|2024-06-18
196.000000,-27.544142,A0003|A1-2|0|2024-06-18
197.000000,-27.050821,A0003|A1-2|0|2024-06-18
198.000000,-26.557501,A0003|A1-2|0|2024-06-18
199.000000,-21.048673,A0003|A1-2|0|2024-06-18
200.000000,-15.638508,A0003|A1-2|0|2024-06-18
100.000000,-5.493402,A0003|A1-2|0|2024-06-19
101.000000,-6.311009,A0003|A1-2|0|2024-06-19
102.000000,-6.521853,A0003|A1-2|0|2024-06-19
103.000000,-3.838035,A0003|A1-2|0|2024-06-19
104.000000,-1.104218,A0003|A1-2|0|2024-06-19
105.000000,1.679600,A0003|A1-2|0|2024-06-19
106.000000,4.463417,A0003|A1-2|0|2024-06-19
107.000000,7.147234,A0003|A1-2|0|2024-06-19
108.000000,9.781052,A0003|A1-2|0|2024-06-19
109.000000,12.364869,A0003|A1-2|0|2024-06-19
110.000000,14.898687,A0003|A1-2|0|2024-06-19
111.000000,17.482504,A0003|A1-2|0|2024-06-19
112.000000,20.116321,A0003|A1-2|0|2024-06-19
113.000000,22.800139,A0003|A1-2|0|2024-06-19
114.000000,25.533956,A0003|A1-2|0|2024-06-19
115.000000,28.267774,A0003|A1-2|0|2024-06-19
116.000000,30.901591,A0003|A1-2|0|2024-06-19
117.000000,33.485408,A0003|A1-2|0|2024-06-19
118.000000,35.969226,A0003|A1-2|0|2024-06-19
119.000000,38.303043,A0003|A1-2|0|2024-06-19
120.000000,40.536861,A0003|A1-2|0|2024-06-19
121.000000,42.670678,A0003|A1-2|0|2024-06-19
122.000000,44.454495,A0003|A1-2|0|2024-06-19
123.000000,45.938313,A0003|A1-2|0|2024-06-19
124.000000,47.122130,A0003|A1-2|0|2024-06-19
125.000000,48.005948,A0003|A1-2|0|2024-06-19
126.000000,48.689765,A0003|A1-2|0|2024-06-19
127.000000,49.223582,A0003|A1-2|0|2024-06-19
128.000000,49.607400,A0003|A1-2|0|2024-06-19
129.000000,49.891217,A0003|A1-2|0|2024-06-19
130.000000,50.075035,A0003|A1-2|0|2024-06-19
131.000000,50.058852,A0003|A1-2|0|2024-06-19
132.000000,50.042669,A0003|A1-2|0|2024-06-19
133.000000,50.026487,A0003|A1-2|0|2024-06-19
134.000000,50.010304,A0003|A1-2|0|2024-06-19
135.000000,49.994122,A0003|A1-2|0|2024-06-19
136.000000,50.027939,A0003|A1-2|0|2024-06-19
137.000000,49.911756,A0003|A1-2|0|2024-06-19
138.000000,49.645574,A0003|A1-2|0|2024-06-19
139.000000,49.179391,A0003|A1-2|0|2024-06-19
140.000000,48.513209,A0003|A1-2|0|2024-06-19
141.000000,47.505090,A0003|A1-2|0|2024-06-19
142.000000,46.355036,A0003|A1-2|0|2024-06-19
143.000000,45.013045,A0003|A1-2|0|2024-06-19
144.000000,43.429119,A0003|A1-2|0|2024-06-19
145.000000,41.603257,A0003|A1-2|0|2024-06-19
146.000000,39.677394,A0003|A1-2|0|2024-06-19
147.000000,37.651532,A0003|A1-2|0|2024-06-19
148.000000,35.567606,A0003|A1-2|0|2024-06-19
149.000000,33.525615,A0003|A1-2|0|2024-06-19
150.000000,31.525561,A0003|A1-2|0|2024-06-19
151.000000,29.567442,A0003|A1-2|0|2024-06-19
152.000000,27.601260,A0003|A1-2|0|2024-06-19
153.000000,25.635077,A0003|A1-2|0|2024-06-19
154.000000,23.568894,A0003|A1-2|0|2024-06-19
155.000000,21.402712,A0003|A1-2|0|2024-06-19
156.000000,19.136529,A0003|A1-2|0|2024-06-19
157.000000,16.870347,A0003|A1-2|0|2024-06-19
158.000000,14.604164,A0003|A1-2|0|2024-06-19
159.000000,12.437982,A0003|A1-2|0|2024-06-19
160.000000,10.371799,A0003|A1-2|0|2024-06-19
161.000000,8.497552,A0003|A1-2|0|2024-06-19
162.000000,6.665242,A0003|A1-2|0|2024-06-19
163.000000,4.824867,A0003|A1-2|0|2024-06-19
164.000000,3.126428,A0003|A1-2|0|2024-06-19
165.000000,1.569925,A0003|A1-2|0|2024-06-19
166.000000,0.063422,A0003|A1-2|0|2024-06-19
167.000000,-1.243081,A0003|A1-2|0|2024-06-19
168.000000,-2.299584,A0003|A1-2|0|2024-06-19
169.000000,-3.256087,A0003|A1-2|0|2024-06-19
170.000000,-4.112590,A0003|A1-2|0|2024-06-19
171.000000,-4.919092,A0003|A1-2|0|2024-06-19
172.000000,-5.775595,A0003|A1-2|0|2024-06-19
173.000000,-6.682098,A0003|A1-2|0|2024-06-19
174.000000,-7.588601,A0003|A1-2|0|2024-06-19
175.000000,-8.495104,A0003|A1-2|0|2024-06-19
176.000000,-9.351607,A0003|A1-2|0|2024-06-19
177.000000,-10.158110,A0003|A1-2|0|2024-06-19
178.000000,-10.914613,A0003|A1-2|0|2024-06-19
179.000000,-11.671116,A0003|A1-2|0|2024-06-19
180.000000,-12.427619,A0003|A1-2|0|2024-06-19
181.000000,-13.134122,A0003|A1-2|0|2024-06-19
182.000000,-13.790625,A0003|A1-2|0|2024-06-19
183.000000,-14.297127,A0003|A1-2|0|2024-06-19
184.000000,-14.653630,A0003|A1-2|0|2024-06-19
185.000000,-14.860133,A0003|A1-2|0|2024-06-19
186.000000,-14.966636,A0003|A1-2|0|2024-06-19
187.000000,-15.023139,A0003|A1-2|0|2024-06-19
188.000000,-15.129642,A0003|A1-2|0|2024-06-19
189.000000,-15.286145,A0003|A1-2|0|2024-06-19
190.000000,-15.492648,A0003|A1-2|0|2024-06-19
191.000000,-15.699151,A0003|A1-2|0|2024-06-19
192.000000,-15.855654,A0003|A1-2|0|2024-06-19
193.000000,-16.012157,A0003|A1-2|0|2024-06-19
194.000000,-16.118659,A0003|A1-2|0|2024-06-19
195.000000,-16.175162,A0003|A1-2|0|2024-06-19
196.000000,-16.231665,A0003|A1-2|0|2024-06-19
197.000000,-16.288168,A0003|A1-2|0|2024-06-19
198.000000,-16.294671,A0003|A1-2|0|2024-06-19
199.000000,-13.038338,A0003|A1-2|0|2024-06-19
200.000000,-9.780704,A0003|A1-2|0|2024-06-19
100.000000,-2.010849,A0003|A1-2|0|2024-06-20
101.000000,-2.072162,A0003|A1-2|0|2024-06-20
102.000000,-1.828989,A0003|A1-2|0|2024-06-20
103.000000,-0.306562,A0003|A1-2|0|2024-06-20
104.000000,1.115865,A0003|A1-2|0|2024-06-20
105.000000,2.438292,A0003|A1-2|0|2024-06-20
106.000000,3.660718,A0003|A1-2|0|2024-06-20
107.000000,4.783145,A0003|A1-2|0|2024-06-20
108.000000,5.755572,A0003|A1-2|0|2024-06-20
109.000000,6.827999,A0003|A1-2|0|2024-06-20
110.000000,8.000426,A0003|A1-2|0|2024-06-20
111.000000,9.272852,A0003|A1-2|0|2024-06-20
112.000000,10.645279,A0003|A1-2|0|2024-06-20
113.000000,12.167706,A0003|A1-2|0|2024-06-20
114.000000,13.740133,A0003|A1-2|0|2024-06-20
115.000000,15.362559,A0003|A1-2|0|2024-06-20
116.000000,17.034986,A0003|A1-2|0|2024-06-20
117.000000,18.657413,A0003|A1-2|0|2024-06-20
118.000000,20.229840,A0003|A1-2|0|2024-06-20
119.000000,21.702267,A0003|A1-2|0|2024-06-20
120.000000,23.074693,A0003|A1-2|0|2024-06-20
121.000000,24.347120,A0003|A1-2|0|2024-06-20
122.000000,25.619547,A0003|A1-2|0|2024-06-20
123.000000,26.891974,A0003|A1-2|0|2024-06-20
124.000000,28.114401,A0003|A1-2|0|2024-06-20
125.000000,29.286827,A0003|A1-2|0|2024-06-20
126.000000,30.409254,A0003|A1-2|0|2024-06-20
127.000000,31.481681,A0003|A1-2|0|2024-06-20
128.000000,32.504108,A0003|A1-2|0|2024-06-20
129.000000,33.126535,A0003|A1-2|0|2024-06-20
130.000000,33.298961,A0003|A1-2|0|2024-06-20
131.000000,33.021388,A0003|A1-2|0|2024-06-20
132.000000,32.293815,A0003|A1-2|0|2024-06-20
133.000000,31.066242,A0003|A1-2|0|2024-06-20
134.000000,29.738668,A0003|A1-2|0|2024-06-20
135.000000,28.361095,A0003|A1-2|0|2024-06-20
136.000000,26.933522,A0003|A1-2|0|2024-06-20
137.000000,25.455949,A0003|A1-2|0|2024-06-20
138.000000,23.978376,A0003|A1-2|0|2024-06-20
139.000000,22.550802,A0003|A1-2|0|2024-06-20
140.000000,21.173229,A0003|A1-2|0|2024-06-20
141.000000,19.845656,A0003|A1-2|0|2024-06-20
142.000000,18.568083,A0003|A1-2|0|2024-06-20
143.000000,17.340510,A0003|A1-2|0|2024-06-20
144.000000,16.012936,A0003|A1-2|0|2024-06-20
145.000000,14.585363,A0003|A1-2|0|2024-06-20
146.000000,13.057790,A0003|A1-2|0|2024-06-20
147.000000,11.430217,A0003|A1-2|0|2024-06-20
148.000000,9.602644,A0003|A1-2|0|2024-06-20
149.000000,7.775070,A0003|A1-2|0|2024-06-20
150.000000,5.997497,A0003|A1-2|0|2024-06-20
151.000000,4.264942,A0003|A1-2|0|2024-06-20
152.000000,2.577406,A0003|A1-2|0|2024-06-20
153.000000,1.134887,A0003|A1-2|0|2024-06-20
154.000000,-0.212613,A0003|A1-2|0|2024-06-20
155.000000,-1.515095,A0003|A1-2|0|2024-06-20
156.000000,-2.767576,A0003|A1-2|0|2024-06-20
157.000000,-4.020058,A0003|A1-2|0|2024-06-20
158.000000,-5.372540,A0003|A1-2|0|2024-06-20
159.000000,-6.925022,A0003|A1-2|0|2024-06-20
160.000000,-8.677503,A0003|A1-2|0|2024-06-20
161.000000,-10.629985,A0003|A1-2|0|2024-06-20
162.000000,-12.732467,A0003|A1-2|0|2024-06-20
163.000000,-14.984948,A0003|A1-2|0|2024-06-20
164.000000,-17.187430,A0003|A1-2|0|2024-06-20
165.000000,-19.339912,A0003|A1-2|0|2024-06-20
166.000000,-21.442394,A0003|A1-2|0|2024-06-20
167.000000,-23.444875,A0003|A1-2|0|2024-06-20
168.000000,-25.247357,A0003|A1-2|0|2024-06-20
169.000000,-26.899839,A0003|A1-2|0|2024-06-20
170.000000,-28.402321,A0003|A1-2|0|2024-06-20
171.000000,-29.754802,A0003|A1-2|0|2024-06-20
172.000000,-31.007284,A0003|A1-2|0|2024-06-20
173.000000,-32.259766,A0003|A1-2|0|2024-06-20
174.000000,-33.512248,A0003|A1-2|0|2024-06-20
175.000000,-34.764729,A0003|A1-2|0|2024-06-20
176.000000,-36.017211,A0003|A1-2|0|2024-06-20
177.000000,-37.169693,A0003|A1-2|0|2024-06-20
178.000000,-38.172175,A0003|A1-2|0|2024-06-20
179.000000,-38.774656,A0003|A1-2|0|2024-06-20
180.000000,-38.977138,A0003|A1-2|0|2024-06-20
181.000000,-38.779620,A0003|A1-2|0|2024-06-20
182.000000,-38.282102,A0003|A1-2|0|2024-06-20
183.000000,-37.534583,A0003|A1-2|0|2024-06-20
184.000000,-36.787065,A0003|A1-2|0|2024-06-20
185.000000,-36.089547,A0003|A1-2|0|2024-06-20
186.000000,-35.442028,A0003|A1-2|0|2024-06-20
187.000000,-34.844510,A0003|A1-2|0|2024-06-20
188.000000,-34.346992,A0003|A1-2|0|2024-06-20
189.000000,-33.949474,A0003|A1-2|0|2024-06-20
190.000000,-33.601955,A0003|A1-2|0|2024-06-20
191.000000,-33.304437,A0003|A1-2|0|2024-06-20
192.000000,-33.106919,A0003|A1-2|0|2024-06-20
193.000000,-32.959401,A0003|A1-2|0|2024-06-20
194.000000,-32.861882,A0003|A1-2|0|2024-06-20
195.000000,-32.764364,A0003|A1-2|0|2024-06-20
196.000000,-32.666846,A0003|A1-2|0|2024-06-20
197.000000,-32.519328,A0003|A1-2|0|2024-06-20
198.000000,-32.371809,A0003|A1-2|0|2024-06-20
199.000000,-25.808440,A0003|A1-2|0|2024-06-20
200.000000,-19.294575,A0003|A1-2|0|2024-06-20
100.000000,12.046266,A0003|A1-2|0|2024-06-21
101.000000,17.966305,A0003|A1-2|0|2024-06-21
102.000000,24.838652,A0003|A1-2|0|2024-06-21
103.000000,29.600194,A0003|A1-2|0|2024-06-21
104.000000,34.261737,A0003|A1-2|0|2024-06-21
105.000000,38.823279,A0003|A1-2|0|2024-06-21
106.000000,43.084822,A0003|A1-2|0|2024-06-21
107.000000,46.896364,A0003|A1-2|0|2024-06-21
108.000000,50.257907,A0003|A1-2|0|2024-06-21
109.000000,53.219449,A0003|A1-2|0|2024-06-21
110.000000,55.680991,A0003|A1-2|0|2024-06-21
111.000000,57.842534,A0003|A1-2|0|2024-06-21
112.000000,59.854076,A0003|A1-2|0|2024-06-21
113.000000,61.715619,A0003|A1-2|0|2024-06-21
114.000000,63.477161,A0003|A1-2|0|2024-06-21
115.000000,65.238704,A0003|A1-2|0|2024-06-21
116.000000,67.000246,A0003|A1-2|0|2024-06-21
117.000000,68.761789,A0003|A1-2|0|2024-06-21
118.000000,70.523331,A0003|A1-2|0|2024-06-21
119.000000,72.284874,A0003|A1-2|0|2024-06-21
120.000000,74.046416,A0003|A1-2|0|2024-06-21
121.000000,75.807958,A0003|A1-2|0|2024-06-21
122.000000,77.519501,A0003|A1-2|0|2024-06-21
123.000000,79.181043,A0003|A1-2|0|2024-06-21
124.000000,80.792586,A0003|A1-2|0|2024-06-21
125.000000,82.354128,A0003|A1-2|0|2024-06-21
126.000000,83.865671,A0003|A1-2|0|2024-06-21
127.000000,85.177213,A0003|A1-2|0|2024-06-21
128.000000,86.288756,A0003|A1-2|0|2024-06-21
129.000000,87.200298,A0003|A1-2|0|2024-06-21
130.000000,87.861840,A0003|A1-2|0|2024-06-21
131.000000,88.073383,A0003|A1-2|0|2024-06-21
132.000000,87.934925,A0003|A1-2|0|2024-06-21
133.000000,87.346468,A0003|A1-2|0|2024-06-21
134.000000,86.308010,A0003|A1-2|0|2024-06-21
135.000000,84.869553,A0003|A1-2|0|2024-06-21
136.000000,83.131095,A0003|A1-2|0|2024-06-21
137.000000,81.192638,A0003|A1-2|0|2024-06-21
138.000000,79.154180,A0003|A1-2|0|2024-06-21
139.000000,76.965722,A0003|A1-2|0|2024-06-21
140.000000,74.577265,A0003|A1-2|0|2024-06-21
141.000000,71.938807,A0003|A1-2|0|2024-06-21
142.000000,69.050350,A0003|A1-2|0|2024-06-21
143.000000,65.961892,A0003|A1-2|0|2024-06-21
144.000000,62.673435,A0003|A1-2|0|2024-06-21
145.000000,59.237403,A0003|A1-2|0|2024-06-21
146.000000,55.803798,A0003|A1-2|0|2024-06-21
147.000000,52.472619,A0003|A1-2|0|2024-06-21
148.000000,49.193867,A0003|A1-2|0|2024-06-21
149.000000,46.017540,A0003|A1-2|0|2024-06-21
150.000000,42.841214,A0003|A1-2|0|2024-06-21
151.000000,39.714887,A0003|A1-2|0|2024-06-21
152.000000,36.488561,A0003|A1-2|0|2024-06-21
153.000000,33.112234,A0003|A1-2|0|2024-06-21
154.000000,29.585908,A0003|A1-2|0|2024-06-21
155.000000,26.009581,A0003|A1-2|0|2024-06-21
156.000000,22.333255,A0003|A1-2|0|2024-06-21
157.000000,18.556929,A0003|A1-2|0|2024-06-21
158.000000,14.778176,A0003|A1-2|0|2024-06-21
159.000000,11.046997,A0003|A1-2|0|2024-06-21
160.000000,7.363392,A0003|A1-2|0|2024-06-21
161.000000,3.727361,A0003|A1-2|0|2024-06-21
162.000000,0.138903,A0003|A1-2|0|2024-06-21
163.000000,-3.499555,A0003|A1-2|0|2024-06-21
164.000000,-7.188012,A0003|A1-2|0|2024-06-21
165.000000,-10.928896,A0003|A1-2|0|2024-06-21
166.000000,-14.522206,A0003|A1-2|0|2024-06-21
167.000000,-17.917942,A0003|A1-2|0|2024-06-21
168.000000,-21.066105,A0003|A1-2|0|2024-06-21
169.000000,-24.016693,A0003|A1-2|0|2024-06-21
170.000000,-26.617282,A0003|A1-2|0|2024-06-21
171.000000,-29.067870,A0003|A1-2|0|2024-06-21
172.000000,-31.368459,A0003|A1-2|0|2024-06-21
173.000000,-33.469048,A0003|A1-2|0|2024-06-21
174.000000,-35.369636,A0003|A1-2|0|2024-06-21
175.000000,-37.220225,A0003|A1-2|0|2024-06-21
176.000000,-39.020814,A0003|A1-2|0|2024-06-21
177.000000,-40.721402,A0003|A1-2|0|2024-06-21
178.000000,-42.371991,A0003|A1-2|0|2024-06-21
179.000000,-43.972580,A0003|A1-2|0|2024-06-21
180.000000,-45.523168,A0003|A1-2|0|2024-06-21
181.000000,-47.023757,A0003|A1-2|0|2024-06-21
182.000000,-48.474346,A0003|A1-2|0|2024-06-21
183.000000,-49.874934,A0003|A1-2|0|2024-06-21
184.000000,-51.225523,A0003|A1-2|0|2024-06-21
185.000000,-52.526112,A0003|A1-2|0|2024-06-21
186.000000,-53.776700,A0003|A1-2|0|2024-06-21
187.000000,-54.927289,A0003|A1-2|0|2024-06-21
188.000000,-55.977878,A0003|A1-2|0|2024-06-21
189.000000,-56.928466,A0003|A1-2|0|2024-06-21
190.000000,-57.779055,A0003|A1-2|0|2024-06-21
191.000000,-58.429644,A0003|A1-2|0|2024-06-21
192.000000,-58.880232,A0003|A1-2|0|2024-06-21
193.000000,-59.080821,A0003|A1-2|0|2024-06-21
194.000000,-59.031410,A0003|A1-2|0|2024-06-21
195.000000,-58.731998,A0003|A1-2|0|2024-06-21
196.000000,-58.232587,A0003|A1-2|0|2024-06-21
197.000000,-57.633175,A0003|A1-2|0|2024-06-21
198.000000,-56.983764,A0003|A1-2|0|2024-06-21
199.000000,-45.327247,A0003|A1-2|0|2024-06-21
200.000000,-33.770612,A0003|A1-2|0|2024-06-21
100.000000,-0.020937,A0003|A1-2|1|2024-06-17
101.000000,-0.028054,A0003|A1-2|1|2024-06-17
102.000000,-0.035240,A0003|A1-2|1|2024-06-17
103.000000,-0.035585,A0003|A1-2|1|2024-06-17
104.000000,-0.035931,A0003|A1-2|1|2024-06-17
105.000000,-0.036276,A0003|A1-2|1|2024-06-17
106.000000,-0.036622,A0003|A1-2|1|2024-06-17
107.000000,-0.036967,A0003|A1-2|1|2024-06-17
108.000000,-0.037313,A0003|A1-2|1|2024-06-17
109.000000,-0.037658,A0003|A1-2|1|2024-06-17
110.000000,-0.038004,A0003|A1-2|1|2024-06-17
111.000000,-0.038349,A0003|A1-2|1|2024-06-17
112.000000,-0.038695,A0003|A1-2|1|2024-06-17
113.000000,-0.039040,A0003|A1-2|1|2024-06-17
114.000000,-0.039386,A0003|A1-2|1|2024-06-17
115.000000,-0.039731,A0003|A1-2|1|2024-06-17
116.000000,-0.040077,A0003|A1-2|1|2024-06-17
117.000000,-0.040422,A0003|A1-2|1|2024-06-17
118.000000,-0.040768,A0003|A1-2|1|2024-06-17
119.000000,-0.041113,A0003|A1-2|1|2024-06-17
120.000000,-0.041459,A0003|A1-2|1|2024-06-17
121.000000,-0.041804,A0003|A1-2|1|2024-06-17
122.000000,-0.042150,A0003|A1-2|1|2024-06-17
123.000000,-0.042495,A0003|A1-2|1|2024-06-17
124.000000,-0.042841,A0003|A1-2|1|2024-06-17
125.000000,-0.043186,A0003|A1-2|1|2024-06-17
126.000000,-0.043532,A0003|A1-2|1|2024-06-17
127.000000,-0.043877,A0003|A1-2|1|2024-06-17
128.000000,-0.044223,A0003|A1-2|1|2024-06-17
129.000000,-0.044568,A0003|A1-2|1|2024-06-17
130.000000,-0.044914,A0003|A1-2|1|2024-06-17
131.000000,-0.045259,A0003|A1-2|1|2024-06-17
132.000000,-0.045605,A0003|A1-2|1|2024-06-17
133.000000,-0.045950,A0003|A1-2|1|2024-06-17
134.000000,-0.046296,A0003|A1-2|1|2024-06-17
135.000000,-0.046641,A0003|A1-2|1|2024-06-17
136.000000,-0.046987,A0003|A1-2|1|2024-06-17
137.000000,-0.047332,A0003|A1-2|1|2024-06-17
138.000000,-0.047678,A0003|A1-2|1|2024-06-17
139.000000,-0.048023,A0003|A1-2|1|2024-06-17
140.000000,-0.048369,A0003|A1-2|1|2024-06-17
141.000000,-0.048714,A0003|A1-2|1|2024-06-17
142.000000,-0.049060,A0003|A1-2|1|2024-06-17
143.000000,-0.049405,A0003|A1-2|1|2024-06-17
144.000000,-0.049751,A0003|A1-2|1|2024-06-17
145.000000,-0.050096,A0003|A1-2|1|2024-06-17
146.000000,-0.050442,A0003|A1-2|1|2024-06-17
147.000000,-0.050787,A0003|A1-2|1|2024-06-17
148.000000,-0.051133,A0003|A1-2|1|2024-06-17
149.000000,-0.051478,A0003|A1-2|1|2024-06-17
150.000000,-0.051823,A0003|A1-2|1|2024-06-17
151.000000,-0.052169,A0003|A1-2|1|2024-06-17
152.000000,-0.052514,A0003|A1-2|1|2024-06-17
153.000000,-0.052860,A0003|A1-2|1|2024-06-17
154.000000,-0.053205,A0003|A1-2|1|2024-06-17
155.000000,-0.053551,A0003|A1-2|1|2024-06-17
156.000000,-0.053896,A0003|A1-2|1|2024-06-17
157.000000,-0.054242,A0003|A1-2|1|2024-06-17
158.000000,-0.054587,A0003|A1-2|1|2024-06-17
159.000000,-0.054933,A0003|A1-2|1|2024-06-17
160.000000,-0.055278,A0003|A1-2|1|2024-06-17
161.000000,-0.055624,A0003|A1-2|1|2024-06-17
162.000000,-0.055969,A0003|A1-2|1|2024-06-17
163.000000,-0.056315,A0003|A1-2|1|2024-06-17
164.000000,-0.056660,A0003|A1-2|1|2024-06-17
165.000000,-0.057006,A0003|A1-2|1|2024-06-17
166.000000,-0.057351,A0003|A1-2|1|2024-06-17
167.000000,-0.057697,A0003|A1-2|1|2024-06-17
168.000000,-0.058042,A0003|A1-2|1|2024-06-17
169.000000,-0.058388,A0003|A1-2|1|2024-06-17
170.000000,-0.058733,A0003|A1-2|1|2024-06-17
171.000000,-0.059079,A0003|A1-2|1|2024-06-17
172.000000,-0.059424,A0003|A1-2|1|2024-06-17
173.000000,-0.059770,A0003|A1-2|1|2024-06-17
174.000000,-0.060115,A0003|A1-2|1|2024-06-17
175.000000,-0.060461,A0003|A1-2|1|2024-06-17
176.000000,-0.060806,A0003|A1-2|1|2024-06-17
177.000000,-0.061152,A0003|A1-2|1|2024-06-17
178.000000,-0.061497,A0003|A1-2|1|2024-06-17
179.000000,-0.061843,A0003|A1-2|1|2024-06-17
180.000000,-0.062188,A0003|A1-2|1|2024-06-17
181.000000,-0.062534,A0003|A1-2|1|2024-06-17
182.000000,-0.062879,A0003|A1-2|1|2024-06-17
183.000000,-0.063225,A0003|A1-2|1|2024-06-17
184.000000,-0.063570,A0003|A1-2|1|2024-06-17
185.000000,-0.063916,A0003|A1-2|1|2024-06-17
186.000000,-0.064261,A0003|A1-2|1|2024-06-17
187.000000,-0.064607,A0003|A1-2|1|2024-06-17
188.000000,-0.064952,A0003|A1-2|1|2024-06-17
189.000000,-0.065298,A0003|A1-2|1|2024-06-17
190.000000,-0.065643,A0003|A1-2|1|2024-06-17
191.000000,-0.065989,A0003|A1-2|1|2024-06-17
192.000000,-0.066334,A0003|A1-2|1|2024-06-17
193.000000,-0.066680,A0003|A1-2|1|2024-06-17
194.000000,-0.067025,A0003|A1-2|1|2024-06-17
195.000000,-0.067371,A0003|A1-2|1|2024-06-17
196.000000,-0.067716,A0003|A1-2|1|2024-06-17
197.000000,-0.068062,A0003|A1-2|1|2024-06-17
198.000000,-0.068407,A0003|A1-2|1|2024-06-17
199.000000,-0.054864,A0003|A1-2|1|2024-06-17
200.000000,-0.041252,A0003|A1-2|1|2024-06-17
100.000000,-0.003526,A0003|A1-2|1|2024-06-19
101.000000,-0.004724,A0003|A1-2|1|2024-06-19
102.000000,-0.005935,A0003|A1-2|1|2024-06-19
103.000000,-0.005993,A0003|A1-2|1|2024-06-19
104.000000,-0.006051,A0003|A1-2|1|2024-06-19
105.000000,-0.006109,A0003|A1-2|1|2024-06-19
106.000000,-0.006167,A0003|A1-2|1|2024-06-19
107.000000,-0.006226,A0003|A1-2|1|2024-06-19
108.000000,-0.006284,A0003|A1-2|1|2024-06-19
109.000000,-0.006342,A0003|A1-2|1|2024-06-19
110.000000,-0.006400,A0003|A1-2|1|2024-06-19
111.000000,-0.006458,A0003|A1-2|1|2024-06-19
112.000000,-0.006516,A0003|A1-2|1|2024-06-19
113.000000,-0.006575,A0003|A1-2|1|2024-06-19
114.000000,-0.006633,A0003|A1-2|1|2024-06-19
115.000000,-0.006691,A0003|A1-2|1|2024-06-19
116.000000,-0.006749,A0003|A1-2|1|2024-06-19
117.000000,-0.006807,A0003|A1-2|1|2024-06-19
118.000000,-0.006866,A0003|A1-2|1|2024-06-19
119.000000,-0.006924,A0003|A1-2|1|2024-06-19
120.000000,-0.006982,A0003|A1-2|1|2024-06-19
121.000000,-0.007040,A0003|A1-2|1|2024-06-19
122.000000,-0.007098,A0003|A1-2|1|2024-06-19
123.000000,-0.007156,A0003|A1-2|1|2024-06-19
124.000000,-0.007215,A0003|A1-2|1|2024-06-19
125.000000,-0.007273,A0003|A1-2|1|2024-06-19
126.000000,-0.007331,A0003|A1-2|1|2024-06-19
127.000000,-0.007389,A0003|A1-2|1|2024-06-19
128.000000,-0.007447,A0003|A1-2|1|2024-06-19
129.000000,-0.007506,A0003|A1-2|1|2024-06-19
130.000000,-0.007564,A0003|A1-2|1|2024-06-19
131.000000,-0.007622,A0003|A1-2|1|2024-06-19
132.000000,-0.007680,A0003|A1-2|1|2024-06-19
133.000000,-0.007738,A0003|A1-2|1|2024-06-19
134.000000,-0.007796,A0003|A1-2|1|2024-06-19
135.000000,-0.007855,A0003|A1-2|1|2024-06-19
136.000000,-0.007913,A0003|A1-2|1|2024-06-19
137.000000,-0.007971,A0003|A1-2|1|2024-06-19
138.000000,-0.008029,A0003|A1-2|1|2024-06-19
139.000000,-0.008087,A0003|A1-2|1|2024-06-19
140.000000,-0.008146,A0003|A1-2|1|2024-06-19
141.000000,-0.008204,A0003|A1-2|1|2024-06-19
142.000000,-0.008262,A0003|A1-2|1|2024-06-19
143.000000,-0.008320,A0003|A1-2|1|2024-06-19
144.000000,-0.008378,A0003|A1-2|1|2024-06-19
145.000000,-0.008437,A0003|A1-2|1|2024-06-19
146.000000,-0.008495,A0003|A1-2|1|2024-06-19
147.000000,-0.008553,A0003|A1-2|1|2024-06-19
148.000000,-0.008611,A0003|A1-2|1|2024-06-19
149.000000,-0.008669,A0003|A1-2|1|2024-06-19
150.000000,-0.008727,A0003|A1-2|1|2024-06-19
151.000000,-0.008786,A0003|A1-2|1|2024-06-19
152.000000,-0.008844,A0003|A1-2|1|2024-06-19
153.000000,-0.008902,A0003|A1-2|1|2024-06-19
154.000000,-0.008960,A0003|A1-2|1|2024-06-19
155.000000,-0.009018,A0003|A1-2|1|2024-06-19
156.000000,-0.009077,A0003|A1-2|1|2024-06-19
157.000000,-0.009135,A0003|A1-2|1|2024-06-19
158.000000,-0.009193,A0003|A1-2|1|2024-06-19
159.000000,-0.009251,A0003|A1-2|1|2024-06-19
160.000000,-0.009309,A0003|A1-2|1|2024-06-19
161.000000,-0.009367,A0003|A1-2|1|2024-06-19
162.000000,-0.009426,A0003|A1-2|1|2024-06-19
163.000000,-0.009484,A0003|A1-2|1|2024-06-19
164.000000,-0.009542,A0003|A1-2|1|2024-06-19
165.000000,-0.009600,A0003|A1-2|1|2024-06-19
166.000000,-0.009658,A0003|A1-2|1|2024-06-19
167.000000,-0.009717,A0003|A1-2|1|2024-06-19
168.000000,-0.009775,A0003|A1-2|1|2024-06-19
169.000000,-0.009833,A0003|A1-2|1|2024-06-19
170.000000,-0.009891,A0003|A1-2|1|2024-06-19
171.000000,-0.009949,A0003|A1-2|1|2024-06-19
172.000000,-0.010007,A0003|A1-2|1|2024-06-19
173.000000,-0.010066,A0003|A1-2|1|2024-06-19
174.000000,-0.010124,A0003|A1-2|1|2024-06-19
175.000000,-0.010182,A0003|A1-2|1|2024-06-19
176.000000,-0.010240,A0003|A1-2|1|2024-06-19
177.000000,-0.010298,A0003|A1-2|1|2024-06-19
178.000000,-0.010357,A0003|A1-2|1|2024-06-19
179.000000,-0.010415,A0003|A1-2|1|2024-06-19
180.000000,-0.010473,A0003|A1-2|1|2024-06-19
181.000000,-0.010531,A0003|A1-2|1|2024-06-19
182.000000,-0.010589,A0003|A1-2|1|2024-06-19
183.000000,-0.010647,A0003|A1-2|1|2024-06-19
184.000000,-0.010706,A0003|A1-2|1|2024-06-19
185.000000,-0.010764,A0003|A1-2|1|2024-06-19
186.000000,-0.010822,A0003|A1-2|1|2024-06-19
187.000000,-0.010880,A0003|A1-2|1|2024-06-19
188.000000,-0.010938,A0003|A1-2|1|2024-06-19
189.000000,-0.010997,A0003|A1-2|1|2024-06-19
190.000000,-0.011055,A0003|A1-2|1|2024-06-19
191.000000,-0.011113,A0003|A1-2|1|2024-06-19
192.000000,-0.011171,A0003|A1-2|1|2024-06-19
193.000000,-0.011229,A0003|A1-2|1|2024-06-19
194.000000,-0.011287,A0003|A1-2|1|2024-06-19
195.000000,-0.011346,A0003|A1-2|1|2024-06-19
196.000000,-0.011404,A0003|A1-2|1|2024-06-19
197.000000,-0.011462,A0003|A1-2|1|2024-06-19
198.000000,-0.011520,A0003|A1-2|1|2024-06-19
199.000000,-0.009239,A0003|A1-2|1|2024-06-19
200.000000,-0.006947,A0003|A1-2|1|2024-06-19
100.000000,-0.023117,A0003|A1-2|2|2024-06-18
101.000000,-0.030975,A0003|A1-2|2|2024-06-18
102.000000,-0.038910,A0003|A1-2|2|2024-06-18
103.000000,-0.039291,A0003|A1-2|2|2024-06-18
104.000000,-0.039673,A0003|A1-2|2|2024-06-18
105.000000,-0.040054,A0003|A1-2|2|2024-06-18
106.000000,-0.040436,A0003|A1-2|2|2024-06-18
107.000000,-0.040817,A0003|A1-2|2|2024-06-18
108.000000,-0.041199,A0003|A1-2|2|2024-06-18
109.000000,-0.041580,A0003|A1-2|2|2024-06-18
110.000000,-0.041962,A0003|A1-2|2|2024-06-18
111.000000,-0.042343,A0003|A1-2|2|2024-06-18
112.000000,-0.042725,A0003|A1-2|2|2024-06-18
113.000000,-0.043106,A0003|A1-2|2|2024-06-18
114.000000,-0.043488,A0003|A1-2|2|2024-06-18
115.000000,-0.043869,A0003|A1-2|2|2024-06-18
116.000000,-0.044250,A0003|A1-2|2|2024-06-18
117.000000,-0.044632,A0003|A1-2|2|2024-06-18
118.000000,-0.045013,A0003|A1-2|2|2024-06-18
119.000000,-0.045395,A0003|A1-2|2|2024-06-18
120.000000,-0.045776,A0003|A1-2|2|2024-06-18
121.000000,-0.046158,A0003|A1-2|2|2024-06-18
122.000000,-0.046539,A0003|A1-2|2|2024-06-18
123.000000,-0.046921,A0003|A1-2|2|2024-06-18
124.000000,-0.047302,A0003|A1-2|2|2024-06-18
125.000000,-0.047684,A0003|A1-2|2|2024-06-18
126.000000,-0.048065,A0003|A1-2|2|2024-06-18
127.000000,-0.048447,A0003|A1-2|2|2024-06-18
128.000000,-0.048828,A0003|A1-2|2|2024-06-18
129.000000,-0.049210,A0003|A1-2|2|2024-06-18
130.000000,-0.049591,A0003|A1-2|2|2024-06-18
131.000000,-0.049973,A0003|A1-2|2|2024-06-18
132.000000,-0.050354,A0003|A1-2|2|2024-06-18
133.000000,-0.050735,A0003|A1-2|2|2024-06-18
134.000000,-0.051117,A0003|A1-2|2|2024-06-18
135.000000,-0.051498,A0003|A1-2|2|2024-06-18
136.000000,-0.051880,A0003|A1-2|2|2024-06-18
137.000000,-0.052261,A0003|A1-2|2|2024-06-18
138.000000,-0.052643,A0003|A1-2|2|2024-06-18
139.000000,-0.053024,A0003|A1-2|2|2024-06-18
140.000000,-0.053406,A0003|A1-2|2|2024-06-18
141.000000,-0.053787,A0003|A1-2|2|2024-06-18
142.000000,-0.054169,A0003|A1-2|2|2024-06-18
143.000000,-0.054550,A0003|A1-2|2|2024-06-18
144.000000,-0.054932,A0003|A1-2|2|2024-06-18
145.000000,-0.055313,A0003|A1-2|2|2024-06-18
146.000000,-0.055695,A0003|A1-2|2|2024-06-18
147.000000,-0.056076,A0003|A1-2|2|2024-06-18
148.000000,-0.056458,A0003|A1-2|2|2024-06-18
149.000000,-0.056839,A0003|A1-2|2|2024-06-18
150.000000,-0.057220,A0003|A1-2|2|2024-06-18
151.000000,-0.057602,A0003|A1-2|2|2024-06-18
152.000000,-0.057983,A0003|A1-2|2|2024-06-18
153.000000,-0.058365,A0003|A1-2|2|2024-06-18
154.000000,-0.058746,A0003|A1-2|2|2024-06-18
155.000000,-0.059128,A0003|A1-2|2|2024-06-18
156.000000,-0.059509,A0003|A1-2|2|2024-06-18
157.000000,-0.059891,A0003|A1-2|2|2024-06-18
158.000000,-0.060272,A0003|A1-2|2|2024-06-18
159.000000,-0.060654,A0003|A1-2|2|2024-06-18
160.000000,-0.061035,A0003|A1-2|2|2024-06-18
161.000000,-0.061417,A0003|A1-2|2|2024-06-18
162.000000,-0.061798,A0003|A1-2|2|2024-06-18
163.000000,-0.062180,A0003|A1-2|2|2024-06-18
164.000000,-0.062561,A0003|A1-2|2|2024-06-18
165.000000,-0.062943,A0003|A1-2|2|2024-06-18
166.000000,-0.063324,A0003|A1-2|2|2024-06-18
167.000000,-0.063705,A0003|A1-2|2|2024-06-18
168.000000,-0.064087,A0003|A1-2|2|2024-06-18
169.000000,-0.064468,A0003|A1-2|2|2024-06-18
170.000000,-0.064850,A0003|A1-2|2|2024-06-18
171.000000,-0.065231,A0003|A1-2|2|2024-06-18
172.000000,-0.065613,A0003|A1-2|2|2024-06-18
173.000000,-0.065994,A0003|A1-2|2|2024-06-18
174.000000,-0.066376,A0003|A1-2|2|2024-06-18
175.000000,-0.066757,A0003|A1-2|2|2024-06-18
176.000000,-0.067139,A0003|A1-2|2|2024-06-18
177.000000,-0.067520,A0003|A1-2|2|2024-06-18
178.000000,-0.067902,A0003|A1-2|2|2024-06-18
179.000000,-0.068283,A0003|A1-2|2|2024-06-18
180.000000,-0.068665,A0003|A1-2|2|2024-06-18
181.000000,-0.069046,A0003|A1-2|2|2024-06-18
182.000000,-0.069427,A0003|A1-2|2|2024-06-18
183.000000,-0.069809,A0003|A1-2|2|2024-06-18
184.000000,-0.070190,A0003|A1-2|2|2024-06-18
185.000000,-0.070572,A0003|A1-2|2|2024-06-18
186.000000,-0.070953,A0003|A1-2|2|2024-06-18
187.000000,-0.071335,A0003|A1-2|2|2024-06-18
188.000000,-0.071716,A0003|A1-2|2|2024-06-18
189.000000,-0.072098,A0003|A1-2|2|2024-06-18
190.000000,-0.072479,A0003|A1-2|2|2024-06-18
191.000000,-0.072861,A0003|A1-2|2|2024-06-18
192.000000,-0.073242,A0003|A1-2|2|2024-06-18
193.000000,-0.073624,A0003|A1-2|2|2024-06-18
194.000000,-0.074005,A0003|A1-2|2|2024-06-18
195.000000,-0.074387,A0003|A1-2|2|2024-06-18
196.000000,-0.074768,A0003|A1-2|2|2024-06-18
197.000000,-0.075150,A0003|A1-2|2|2024-06-18
198.000000,-0.075531,A0003|A1-2|2|2024-06-18
199.000000,-0.060577,A0003|A1-2|2|2024-06-18
200.000000,-0.045547,A0003|A1-2|2|2024-06-18
